[
    {
        "name": "Afghanistan",
        "wikipediaLink": "Afghanistan",
        "frName": "Afghanistan",
        "frWikipediaLink": "Afghanistan",
        "isoAlpha2": "AF",
        "isoAlpha3": "AFG",
        "isoNumeric": "004",
        "continent": {
            "name": "Asia",
            "code": "AS"
        },
        "flag": "af.png"
    },
    {
        "name": "Åland Islands",
        "wikipediaLink": "Åland_Islands",
        "frName": "Åland Islands",
        "frWikipediaLink": "Åland_Islands",
        "isoAlpha2": "AX",
        "isoAlpha3": "ALA",
        "isoNumeric": "248",
        "continent": {
            "name": "Europe",
            "code": "EU"
        },
        "flag": "ax.png"
    },
    {
        "name": "Albania",
        "wikipediaLink": "Albania",
        "frName": null,
        "frWikipediaLink": null,
        "isoAlpha2": "AL",
        "isoAlpha3": "ALB",
        "isoNumeric": "008",
        "continent": {
            "name": "Europe",
            "code": "EU"
        },
        "flag": "al.png"
    },
    {
        "name": "Algeria",
        "wikipediaLink": "Algeria",
        "frName": null,
        "frWikipediaLink": null,
        "isoAlpha2": "DZ",
        "isoAlpha3": "DZA",
        "isoNumeric": "012",
        "continent": {
            "name": "Africa",
            "code": "AF"
        },
        "flag": "dz.png"
    },
    {
        "name": "American Samoa",
        "wikipediaLink": "American Samoa",
        "frName": "Samoa américaines",
        "frWikipediaLink": null,
        "isoAlpha2": "AS",
        "isoAlpha3": "ASM",
        "isoNumeric": "016",
        "continent": {
            "name": "Australia",
            "code": "OC"
        },
        "flag": "as.png"
    },
    {
        "name": "Andorra",
        "wikipediaLink": "Andorra",
        "frName": null,
        "frWikipediaLink": null,
        "isoAlpha2": "AD",
        "isoAlpha3": "AND",
        "isoNumeric": "020",
        "continent": {
            "name": "Europe",
            "code": "EU"
        },
        "flag": "ad.png"
    },
    {
        "name": "Angola",
        "wikipediaLink": "Angola",
        "frName": null,
        "frWikipediaLink": null,
        "isoAlpha2": "AO",
        "isoAlpha3": "AGO",
        "isoNumeric": "024",
        "continent": {
            "name": "Africa",
            "code": "AF"
        },
        "flag": "ao.png"
    },
    {
        "name": "Anguilla",
        "wikipediaLink": "Anguilla",
        "frName": "Anguilla",
        "frWikipediaLink": null,
        "isoAlpha2": "AI",
        "isoAlpha3": "AIA",
        "isoNumeric": "660",
        "continent": {
            "name": "North America",
            "code": "NA"
        },
        "flag": "ai.png"
    },
    {
        "name": "Antarctica",
        "wikipediaLink": "Antarctica",
        "frName": null,
        "frWikipediaLink": null,
        "isoAlpha2": "AQ",
        "isoAlpha3": "ATA",
        "isoNumeric": "010",
        "continent": {
            "name": "Antarctica",
            "code": "AN"
        },
        "flag": "aq.png"
    },
    {
        "name": "Antigua and Barbuda",
        "wikipediaLink": "Antigua and Barbuda",
        "frName": "Antigua-et-Barbuda",
        "frWikipediaLink": null,
        "isoAlpha2": "AG",
        "isoAlpha3": "ATG",
        "isoNumeric": "028",
        "continent": {
            "name": "North America",
            "code": "NA"
        },
        "flag": "ag.png"
    },
    {
        "name": "Argentina",
        "wikipediaLink": "Argentina",
        "frName": "Argentine",
        "frWikipediaLink": null,
        "isoAlpha2": "AR",
        "isoAlpha3": "ARG",
        "isoNumeric": "032",
        "continent": {
            "name": "South America",
            "code": "SA"
        },
        "flag": "ar.png"
    },
    {
        "name": "Armenia",
        "wikipediaLink": "Armenia",
        "frName": null,
        "frWikipediaLink": null,
        "isoAlpha2": "AM",
        "isoAlpha3": "ARM",
        "isoNumeric": "051",
        "continent": {
            "name": "Asia",
            "code": "AS"
        },
        "flag": "am.png"
    },
    {
        "name": "Aruba",
        "wikipediaLink": "Aruba",
        "frName": null,
        "frWikipediaLink": null,
        "isoAlpha2": "AW",
        "isoAlpha3": "ABW",
        "isoNumeric": "533",
        "continent": {
            "name": "South America",
            "code": "SA"
        },
        "flag": "aw.png"
    },
    {
        "name": "Australia",
        "wikipediaLink": "Australia",
        "frName": null,
        "frWikipediaLink": null,
        "isoAlpha2": "AU",
        "isoAlpha3": "AUS",
        "isoNumeric": "036",
        "continent": {
            "name": "Australia",
            "code": "OC"
        },
        "flag": "au.png"
    },
    {
        "name": "Austria",
        "wikipediaLink": "Austria",
        "frName": null,
        "frWikipediaLink": null,
        "isoAlpha2": "AT",
        "isoAlpha3": "AUT",
        "isoNumeric": "040",
        "continent": {
            "name": "Europe",
            "code": "EU"
        },
        "flag": "at.png"
    },
    {
        "name": "Azerbaijan",
        "wikipediaLink": "Azerbaijan",
        "frName": null,
        "frWikipediaLink": null,
        "isoAlpha2": "AZ",
        "isoAlpha3": "AZE",
        "isoNumeric": "031",
        "continent": {
            "name": "Asia",
            "code": "AS"
        },
        "flag": "az.png"
    },
    {
        "name": "Bahamas",
        "wikipediaLink": "Bahamas",
        "frName": "Bahamas",
        "frWikipediaLink": null,
        "isoAlpha2": "BS",
        "isoAlpha3": "BHS",
        "isoNumeric": "044",
        "continent": {
            "name": "North America",
            "code": "NA"
        },
        "flag": "bs.png"
    },
    {
        "name": "Bahrain",
        "wikipediaLink": "Bahrain",
        "frName": null,
        "frWikipediaLink": null,
        "isoAlpha2": "BH",
        "isoAlpha3": "BHR",
        "isoNumeric": "048",
        "continent": {
            "name": "Asia",
            "code": "AS"
        },
        "flag": "bh.png"
    },
    {
        "name": "Bangladesh",
        "wikipediaLink": "Bangladesh",
        "frName": null,
        "frWikipediaLink": null,
        "isoAlpha2": "BD",
        "isoAlpha3": "BGD",
        "isoNumeric": "050",
        "continent": {
            "name": "Asia",
            "code": "AS"
        },
        "flag": "bd.png"
    },
    {
        "name": "Barbados",
        "wikipediaLink": "Barbados",
        "frName": "Barbade",
        "frWikipediaLink": null,
        "isoAlpha2": "BB",
        "isoAlpha3": "BRB",
        "isoNumeric": "052",
        "continent": {
            "name": "North America",
            "code": "NA"
        },
        "flag": "bb.png"
    },
    {
        "name": "Belarus",
        "wikipediaLink": "Belarus",
        "frName": null,
        "frWikipediaLink": null,
        "isoAlpha2": "BY",
        "isoAlpha3": "BLR",
        "isoNumeric": "112",
        "continent": {
            "name": "Europe",
            "code": "EU"
        },
        "flag": "by.png"
    },
    {
        "name": "Belgium",
        "wikipediaLink": "Belgium",
        "frName": null,
        "frWikipediaLink": null,
        "isoAlpha2": "BE",
        "isoAlpha3": "BEL",
        "isoNumeric": "056",
        "continent": {
            "name": "Europe",
            "code": "EU"
        },
        "flag": "be.png"
    },
    {
        "name": "Belize",
        "wikipediaLink": "Belize",
        "frName": "Belize",
        "frWikipediaLink": null,
        "isoAlpha2": "BZ",
        "isoAlpha3": "BLZ",
        "isoNumeric": "084",
        "continent": {
            "name": "North America",
            "code": "NA"
        },
        "flag": "bz.png"
    },
    {
        "name": "Benin",
        "wikipediaLink": "Benin",
        "frName": null,
        "frWikipediaLink": null,
        "isoAlpha2": "BJ",
        "isoAlpha3": "BEN",
        "isoNumeric": "204",
        "continent": {
            "name": "Africa",
            "code": "AF"
        },
        "flag": "bj.png"
    },
    {
        "name": "Bermuda",
        "wikipediaLink": "Bermuda",
        "frName": null,
        "frWikipediaLink": null,
        "isoAlpha2": "BM",
        "isoAlpha3": "BMU",
        "isoNumeric": "060",
        "continent": {
            "name": "North America",
            "code": "NA"
        },
        "flag": "bm.png"
    },
    {
        "name": "Bhutan",
        "wikipediaLink": "Bhutan",
        "frName": null,
        "frWikipediaLink": null,
        "isoAlpha2": "BT",
        "isoAlpha3": "BTN",
        "isoNumeric": "064",
        "continent": {
            "name": "Asia",
            "code": "AS"
        },
        "flag": "bt.png"
    },
    {
        "name": "Bolivia (Plurinational State of)",
        "wikipediaLink": "Bolivia (Plurinational State of)",
        "frName": null,
        "frWikipediaLink": null,
        "isoAlpha2": "BO",
        "isoAlpha3": "BOL",
        "isoNumeric": "068",
        "continent": {
            "name": "South America",
            "code": "SA"
        },
        "flag": "bo.png"
    },
    {
        "name": "Bonaire, Sint Eustatius and Saba",
        "wikipediaLink": "Caribbean_Netherlands",
        "frName": "Pays-Bas caribéens",
        "frWikipediaLink": null,
        "isoAlpha2": "BQ",
        "isoAlpha3": "BES",
        "isoNumeric": "535",
        "continent": {
            "name": "South America",
            "code": "SA"
        },
        "flag": "bq.png"
    },
    {
        "name": "Bosnia and Herzegovina",
        "wikipediaLink": "Bosnia_and_Herzegovina",
        "frName": null,
        "frWikipediaLink": null,
        "isoAlpha2": "BA",
        "isoAlpha3": "BIH",
        "isoNumeric": "070",
        "continent": {
            "name": "Europe",
            "code": "EU"
        },
        "flag": "ba.png"
    },
    {
        "name": "Botswana",
        "wikipediaLink": "Botswana",
        "frName": null,
        "frWikipediaLink": null,
        "isoAlpha2": "BW",
        "isoAlpha3": "BWA",
        "isoNumeric": "072",
        "continent": {
            "name": "Africa",
            "code": "AF"
        },
        "flag": "bw.png"
    },
    {
        "name": "Bouvet Island",
        "wikipediaLink": "Bouvet_Island",
        "frName": "Île Bouvet",
        "frWikipediaLink": null,
        "isoAlpha2": "BV",
        "isoAlpha3": "BVT",
        "isoNumeric": "074",
        "continent": {
            "name": "Antarctica",
            "code": "AN"
        },
        "flag": "bv.png"
    },
    {
        "name": "Brazil",
        "wikipediaLink": "Brazil",
        "frName": null,
        "frWikipediaLink": null,
        "isoAlpha2": "BR",
        "isoAlpha3": "BRA",
        "isoNumeric": "076",
        "continent": {
            "name": "South America",
            "code": "SA"
        },
        "flag": "br.png"
    },
    {
        "name": "British Indian Ocean Territory",
        "wikipediaLink": "British_Indian_Ocean_Territory",
        "frName": "Territoire britannique de l'océan Indien",
        "frWikipediaLink": null,
        "isoAlpha2": "IO",
        "isoAlpha3": "IOT",
        "isoNumeric": "086",
        "continent": {
            "name": "Asia",
            "code": "AS"
        },
        "flag": "io.png"
    },
    {
        "name": "Brunei Darussalam",
        "wikipediaLink": "Brunei_Darussalam",
        "frName": null,
        "frWikipediaLink": null,
        "isoAlpha2": "BN",
        "isoAlpha3": "BRN",
        "isoNumeric": "096",
        "continent": {
            "name": "Asia",
            "code": "AS"
        },
        "flag": "bn.png"
    },
    {
        "name": "Bulgaria",
        "wikipediaLink": "Bulgaria",
        "frName": null,
        "frWikipediaLink": null,
        "isoAlpha2": "BG",
        "isoAlpha3": "BGR",
        "isoNumeric": "100",
        "continent": {
            "name": "Europe",
            "code": "EU"
        },
        "flag": "bg.png"
    },
    {
        "name": "Burkina Faso",
        "wikipediaLink": "Burkina_Faso",
        "frName": null,
        "frWikipediaLink": null,
        "isoAlpha2": "BF",
        "isoAlpha3": "BFA",
        "isoNumeric": "854",
        "continent": {
            "name": "Africa",
            "code": "AF"
        },
        "flag": "bf.png"
    },
    {
        "name": "Burundi",
        "wikipediaLink": "Burundi",
        "frName": null,
        "frWikipediaLink": null,
        "isoAlpha2": "BI",
        "isoAlpha3": "BDI",
        "isoNumeric": "108",
        "continent": {
            "name": "Africa",
            "code": "AF"
        },
        "flag": "bi.png"
    },
    {
        "name": "Cabo Verde",
        "wikipediaLink": "Cabo_Verde",
        "frName": null,
        "frWikipediaLink": null,
        "isoAlpha2": "CV",
        "isoAlpha3": "CPV",
        "isoNumeric": "132",
        "continent": {
            "name": "Africa",
            "code": "AF"
        },
        "flag": "cv.png"
    },
    {
        "name": "Cambodia",
        "wikipediaLink": "Cambodia",
        "frName": null,
        "frWikipediaLink": null,
        "isoAlpha2": "KH",
        "isoAlpha3": "KHM",
        "isoNumeric": "116",
        "continent": {
            "name": "Asia",
            "code": "AS"
        },
        "flag": "kh.png"
    },
    {
        "name": "Cameroon",
        "wikipediaLink": "Cameroon",
        "frName": null,
        "frWikipediaLink": null,
        "isoAlpha2": "CM",
        "isoAlpha3": "CMR",
        "isoNumeric": "120",
        "continent": {
            "name": "Africa",
            "code": "AF"
        },
        "flag": "cm.png"
    },
    {
        "name": "Canada",
        "wikipediaLink": "Canada",
        "frName": null,
        "frWikipediaLink": null,
        "isoAlpha2": "CA",
        "isoAlpha3": "CAN",
        "isoNumeric": "124",
        "continent": {
            "name": "North America",
            "code": "NA"
        },
        "flag": "ca.png"
    },
    {
        "name": "Cayman Islands",
        "wikipediaLink": "Cayman_Islands",
        "frName": "Îles Caïmans",
        "frWikipediaLink": null,
        "isoAlpha2": "KY",
        "isoAlpha3": "CYM",
        "isoNumeric": "136",
        "continent": {
            "name": "North America",
            "code": "NA"
        },
        "flag": "ky.png"
    },
    {
        "name": "Central African Republic",
        "wikipediaLink": "Central_African_Republic",
        "frName": null,
        "frWikipediaLink": null,
        "isoAlpha2": "CF",
        "isoAlpha3": "CAF",
        "isoNumeric": "140",
        "continent": {
            "name": "Africa",
            "code": "AF"
        },
        "flag": "cf.png"
    },
    {
        "name": "Chad",
        "wikipediaLink": "Chad",
        "frName": null,
        "frWikipediaLink": null,
        "isoAlpha2": "TD",
        "isoAlpha3": "TCD",
        "isoNumeric": "148",
        "continent": {
            "name": "Africa",
            "code": "AF"
        },
        "flag": "td.png"
    },
    {
        "name": "Chile",
        "wikipediaLink": "Chile",
        "frName": null,
        "frWikipediaLink": null,
        "isoAlpha2": "CL",
        "isoAlpha3": "CHL",
        "isoNumeric": "152",
        "continent": {
            "name": "South America",
            "code": "SA"
        },
        "flag": "cl.png"
    },
    {
        "name": "China",
        "wikipediaLink": "China",
        "frName": null,
        "frWikipediaLink": null,
        "isoAlpha2": "CN",
        "isoAlpha3": "CHN",
        "isoNumeric": "156",
        "continent": {
            "name": "Asia",
            "code": "AS"
        },
        "flag": "cn.png"
    },
    {
        "name": "Christmas Island",
        "wikipediaLink": "Christmas_Island",
        "frName": "Île Christmas",
        "frWikipediaLink": null,
        "isoAlpha2": "CX",
        "isoAlpha3": "CXR",
        "isoNumeric": "162",
        "continent": {
            "name": "Australia",
            "code": "OC"
        },
        "flag": "cx.png"
    },
    {
        "name": "Cocos (Keeling) Islands",
        "wikipediaLink": "Cocos (Keeling) Islands",
        "frName": "Îles Cocos",
        "frWikipediaLink": null,
        "isoAlpha2": "CC",
        "isoAlpha3": "CCK",
        "isoNumeric": "166",
        "continent": {
            "name": "Asia",
            "code": "AS"
        },
        "flag": "cc.png"
    },
    {
        "name": "Colombia",
        "wikipediaLink": "Colombia",
        "frName": null,
        "frWikipediaLink": null,
        "isoAlpha2": "CO",
        "isoAlpha3": "COL",
        "isoNumeric": "170",
        "continent": {
            "name": "South America",
            "code": "SA"
        },
        "flag": "co.png"
    },
    {
        "name": "Comoros",
        "wikipediaLink": "Comoros",
        "frName": null,
        "frWikipediaLink": null,
        "isoAlpha2": "KM",
        "isoAlpha3": "COM",
        "isoNumeric": "174",
        "continent": {
            "name": "Africa",
            "code": "AF"
        },
        "flag": "km.png"
    },
    {
        "name": "Congo",
        "wikipediaLink": "Congo",
        "frName": null,
        "frWikipediaLink": null,
        "isoAlpha2": "CG",
        "isoAlpha3": "COG",
        "isoNumeric": "178",
        "continent": {
            "name": "Africa",
            "code": "AF"
        },
        "flag": "cg.png"
    },
    {
        "name": "Congo (Democratic Republic of the)",
        "wikipediaLink": "Congo (Democratic Republic of the)",
        "frName": null,
        "frWikipediaLink": null,
        "isoAlpha2": "CD",
        "isoAlpha3": "COD",
        "isoNumeric": "180",
        "continent": {
            "name": "Africa",
            "code": "AF"
        },
        "flag": "cd.png"
    },
    {
        "name": "Cook Islands",
        "wikipediaLink": "Cook Islands",
        "frName": "Îles Cook",
        "frWikipediaLink": null,
        "isoAlpha2": "CK",
        "isoAlpha3": "COK",
        "isoNumeric": "184",
        "continent": {
            "name": "Australia",
            "code": "OC"
        },
        "flag": "ck.png"
    },
    {
        "name": "Costa Rica",
        "wikipediaLink": "Costa Rica",
        "frName": "Costa Rica",
        "frWikipediaLink": null,
        "isoAlpha2": "CR",
        "isoAlpha3": "CRI",
        "isoNumeric": "188",
        "continent": {
            "name": "North America",
            "code": "NA"
        },
        "flag": "cr.png"
    },
    {
        "name": "Côte d'Ivoire",
        "wikipediaLink": "Côte d'Ivoire",
        "frName": null,
        "frWikipediaLink": null,
        "isoAlpha2": "CI",
        "isoAlpha3": "CIV",
        "isoNumeric": "384",
        "continent": {
            "name": "Africa",
            "code": "AF"
        },
        "flag": "ci.png"
    },
    {
        "name": "Croatia",
        "wikipediaLink": "Croatia",
        "frName": null,
        "frWikipediaLink": null,
        "isoAlpha2": "HR",
        "isoAlpha3": "HRV",
        "isoNumeric": "191",
        "continent": {
            "name": "Europe",
            "code": "EU"
        },
        "flag": "hr.png"
    },
    {
        "name": "Cuba",
        "wikipediaLink": "Cuba",
        "frName": "Cuba",
        "frWikipediaLink": null,
        "isoAlpha2": "CU",
        "isoAlpha3": "CUB",
        "isoNumeric": "192",
        "continent": {
            "name": "North America",
            "code": "NA"
        },
        "flag": "cu.png"
    },
    {
        "name": "Curaçao",
        "wikipediaLink": "Curaçao",
        "frName": "Curaçao",
        "frWikipediaLink": null,
        "isoAlpha2": "CW",
        "isoAlpha3": "CUW",
        "isoNumeric": "531",
        "continent": {
            "name": "North America",
            "code": "NA"
        },
        "flag": "cw.png"
    },
    {
        "name": "Cyprus",
        "wikipediaLink": "Cyprus",
        "frName": null,
        "frWikipediaLink": null,
        "isoAlpha2": "CY",
        "isoAlpha3": "CYP",
        "isoNumeric": "196",
        "continent": {
            "name": "Europe",
            "code": "EU"
        },
        "flag": "cy.png"
    },
    {
        "name": "Czech Republic",
        "wikipediaLink": "Czech Republic",
        "frName": null,
        "frWikipediaLink": null,
        "isoAlpha2": "CZ",
        "isoAlpha3": "CZE",
        "isoNumeric": "203",
        "continent": {
            "name": "Europe",
            "code": "EU"
        },
        "flag": "cz.png"
    },
    {
        "name": "Denmark",
        "wikipediaLink": "Denmark",
        "frName": null,
        "frWikipediaLink": null,
        "isoAlpha2": "DK",
        "isoAlpha3": "DNK",
        "isoNumeric": "208",
        "continent": {
            "name": "Europe",
            "code": "EU"
        },
        "flag": "dk.png"
    },
    {
        "name": "Djibouti",
        "wikipediaLink": "Djibouti",
        "frName": null,
        "frWikipediaLink": null,
        "isoAlpha2": "DJ",
        "isoAlpha3": "DJI",
        "isoNumeric": "262",
        "continent": {
            "name": "Africa",
            "code": "AF"
        },
        "flag": "dj.png"
    },
    {
        "name": "Dominica",
        "wikipediaLink": "Dominica",
        "frName": "Dominique",
        "frWikipediaLink": null,
        "isoAlpha2": "DM",
        "isoAlpha3": "DMA",
        "isoNumeric": "212",
        "continent": {
            "name": "North America",
            "code": "NA"
        },
        "flag": "dm.png"
    },
    {
        "name": "Dominican Republic",
        "wikipediaLink": "Dominican Republic",
        "frName": "République dominicaine",
        "frWikipediaLink": null,
        "isoAlpha2": "DO",
        "isoAlpha3": "DOM",
        "isoNumeric": "214",
        "continent": {
            "name": "North America",
            "code": "NA"
        },
        "flag": "do.png"
    },
    {
        "name": "Ecuador",
        "wikipediaLink": "Ecuador",
        "frName": null,
        "frWikipediaLink": null,
        "isoAlpha2": "EC",
        "isoAlpha3": "ECU",
        "isoNumeric": "218",
        "continent": {
            "name": "South America",
            "code": "SA"
        },
        "flag": "ec.png"
    },
    {
        "name": "Egypt",
        "wikipediaLink": "Egypt",
        "frName": null,
        "frWikipediaLink": null,
        "isoAlpha2": "EG",
        "isoAlpha3": "EGY",
        "isoNumeric": "818",
        "continent": {
            "name": "Africa",
            "code": "AF"
        },
        "flag": "eg.png"
    },
    {
        "name": "El Salvador",
        "wikipediaLink": "El Salvador",
        "frName": "Salvador",
        "frWikipediaLink": null,
        "isoAlpha2": "SV",
        "isoAlpha3": "SLV",
        "isoNumeric": "222",
        "continent": {
            "name": "North America",
            "code": "NA"
        },
        "flag": "sv.png"
    },
    {
        "name": "Equatorial Guinea",
        "wikipediaLink": "Equatorial Guinea",
        "frName": null,
        "frWikipediaLink": null,
        "isoAlpha2": "GQ",
        "isoAlpha3": "GNQ",
        "isoNumeric": "226",
        "continent": {
            "name": "Africa",
            "code": "AF"
        },
        "flag": "gq.png"
    },
    {
        "name": "Eritrea",
        "wikipediaLink": "Eritrea",
        "frName": null,
        "frWikipediaLink": null,
        "isoAlpha2": "ER",
        "isoAlpha3": "ERI",
        "isoNumeric": "232",
        "continent": {
            "name": "Africa",
            "code": "AF"
        },
        "flag": "er.png"
    },
    {
        "name": "Estonia",
        "wikipediaLink": "Estonia",
        "frName": null,
        "frWikipediaLink": null,
        "isoAlpha2": "EE",
        "isoAlpha3": "EST",
        "isoNumeric": "233",
        "continent": {
            "name": "Europe",
            "code": "EU"
        },
        "flag": "ee.png"
    },
    {
        "name": "Ethiopia",
        "wikipediaLink": "Ethiopia",
        "frName": null,
        "frWikipediaLink": null,
        "isoAlpha2": "ET",
        "isoAlpha3": "ETH",
        "isoNumeric": "231",
        "continent": {
            "name": "Africa",
            "code": "AF"
        },
        "flag": "et.png"
    },
    {
        "name": "Falkland Islands (Malvinas)",
        "wikipediaLink": "Falkland Islands (Malvinas)",
        "frName": "Îles Malouines",
        "frWikipediaLink": null,
        "isoAlpha2": "FK",
        "isoAlpha3": "FLK",
        "isoNumeric": "238",
        "continent": {
            "name": "South America",
            "code": "SA"
        },
        "flag": "fk.png"
    },
    {
        "name": "Faroe Islands",
        "wikipediaLink": "Faroe Islands",
        "frName": "Îles Féroé",
        "frWikipediaLink": null,
        "isoAlpha2": "FO",
        "isoAlpha3": "FRO",
        "isoNumeric": "234",
        "continent": {
            "name": "Europe",
            "code": "EU"
        },
        "flag": "fo.png"
    },
    {
        "name": "Fiji",
        "wikipediaLink": "Fiji",
        "frName": null,
        "frWikipediaLink": null,
        "isoAlpha2": "FJ",
        "isoAlpha3": "FJI",
        "isoNumeric": "242",
        "continent": {
            "name": "Australia",
            "code": "OC"
        },
        "flag": "fj.png"
    },
    {
        "name": "Finland",
        "wikipediaLink": "Finland",
        "frName": null,
        "frWikipediaLink": null,
        "isoAlpha2": "FI",
        "isoAlpha3": "FIN",
        "isoNumeric": "246",
        "continent": {
            "name": "Europe",
            "code": "EU"
        },
        "flag": "fi.png"
    },
    {
        "name": "France",
        "wikipediaLink": "France",
        "frName": null,
        "frWikipediaLink": null,
        "isoAlpha2": "FR",
        "isoAlpha3": "FRA",
        "isoNumeric": "250",
        "continent": {
            "name": "Europe",
            "code": "EU"
        },
        "flag": "fr.png"
    },
    {
        "name": "French Guiana",
        "wikipediaLink": "French Guiana",
        "frName": "Guinée française",
        "frWikipediaLink": null,
        "isoAlpha2": "GF",
        "isoAlpha3": "GUF",
        "isoNumeric": "254",
        "continent": {
            "name": "Africa",
            "code": "AF"
        },
        "flag": "gf.png"
    },
    {
        "name": "French Polynesia",
        "wikipediaLink": "French Polynesia",
        "frName": "Polynésie française",
        "frWikipediaLink": null,
        "isoAlpha2": "PF",
        "isoAlpha3": "PYF",
        "isoNumeric": "258",
        "continent": {
            "name": "Australia",
            "code": "OC"
        },
        "flag": "pf.png"
    },
    {
        "name": "French Southern Territories",
        "wikipediaLink": "French Southern Territories",
        "frName": "Terres australes et antarctiques françaises",
        "frWikipediaLink": null,
        "isoAlpha2": "TF",
        "isoAlpha3": "ATF",
        "isoNumeric": "260",
        "continent": {
            "name": "Antarctica",
            "code": "AN"
        },
        "flag": "tf.png"
    },
    {
        "name": "Gabon",
        "wikipediaLink": "Gabon",
        "frName": null,
        "frWikipediaLink": null,
        "isoAlpha2": "GA",
        "isoAlpha3": "GAB",
        "isoNumeric": "266",
        "continent": {
            "name": "Africa",
            "code": "AF"
        },
        "flag": "ga.png"
    },
    {
        "name": "Gambia",
        "wikipediaLink": "Gambia",
        "frName": null,
        "frWikipediaLink": null,
        "isoAlpha2": "GM",
        "isoAlpha3": "GMB",
        "isoNumeric": "270",
        "continent": {
            "name": "Africa",
            "code": "AF"
        },
        "flag": "gm.png"
    },
    {
        "name": "Georgia",
        "wikipediaLink": "Georgia_(country)",
        "frName": null,
        "frWikipediaLink": null,
        "isoAlpha2": "GE",
        "isoAlpha3": "GEO",
        "isoNumeric": "268",
        "continent": {
            "name": "Asia",
            "code": "AS"
        },
        "flag": "ge.png"
    },
    {
        "name": "Germany",
        "wikipediaLink": "Germany",
        "frName": null,
        "frWikipediaLink": null,
        "isoAlpha2": "DE",
        "isoAlpha3": "DEU",
        "isoNumeric": "276",
        "continent": {
            "name": "Europe",
            "code": "EU"
        },
        "flag": "de.png"
    },
    {
        "name": "Ghana",
        "wikipediaLink": "Ghana",
        "frName": null,
        "frWikipediaLink": null,
        "isoAlpha2": "GH",
        "isoAlpha3": "GHA",
        "isoNumeric": "288",
        "continent": {
            "name": "Africa",
            "code": "AF"
        },
        "flag": "gh.png"
    },
    {
        "name": "Gibraltar",
        "wikipediaLink": "Gibraltar",
        "frName": "Gibraltar",
        "frWikipediaLink": null,
        "isoAlpha2": "GI",
        "isoAlpha3": "GIB",
        "isoNumeric": "292",
        "continent": {
            "name": "Europe",
            "code": "EU"
        },
        "flag": "gi.png"
    },
    {
        "name": "Greece",
        "wikipediaLink": "Greece",
        "frName": null,
        "frWikipediaLink": null,
        "isoAlpha2": "GR",
        "isoAlpha3": "GRC",
        "isoNumeric": "300",
        "continent": {
            "name": "Europe",
            "code": "EU"
        },
        "flag": "gr.png"
    },
    {
        "name": "Greenland",
        "wikipediaLink": "Greenland",
        "frName": null,
        "frWikipediaLink": null,
        "isoAlpha2": "GL",
        "isoAlpha3": "GRL",
        "isoNumeric": "304",
        "continent": {
            "name": "North America",
            "code": "NA"
        },
        "flag": "gl.png"
    },
    {
        "name": "Grenada",
        "wikipediaLink": "Grenada",
        "frName": "Grenade",
        "frWikipediaLink": null,
        "isoAlpha2": "GD",
        "isoAlpha3": "GRD",
        "isoNumeric": "308",
        "continent": {
            "name": "North America",
            "code": "NA"
        },
        "flag": "gd.png"
    },
    {
        "name": "Guadeloupe",
        "wikipediaLink": "Guadeloupe",
        "frName": "Guadeloupe",
        "frWikipediaLink": null,
        "isoAlpha2": "GP",
        "isoAlpha3": "GLP",
        "isoNumeric": "312",
        "continent": {
            "name": "North America",
            "code": "NA"
        },
        "flag": "gp.png"
    },
    {
        "name": "Guam",
        "wikipediaLink": "Guam",
        "frName": "Guam",
        "frWikipediaLink": null,
        "isoAlpha2": "GU",
        "isoAlpha3": "GUM",
        "isoNumeric": "316",
        "continent": {
            "name": "Australia",
            "code": "OC"
        },
        "flag": "gu.png"
    },
    {
        "name": "Guatemala",
        "wikipediaLink": "Guatemala",
        "frName": "Guatemala",
        "frWikipediaLink": null,
        "isoAlpha2": "GT",
        "isoAlpha3": "GTM",
        "isoNumeric": "320",
        "continent": {
            "name": "North America",
            "code": "NA"
        },
        "flag": "gt.png"
    },
    {
        "name": "Guernsey",
        "wikipediaLink": "Guernsey",
        "frName": "Guernsey",
        "frWikipediaLink": null,
        "isoAlpha2": "GG",
        "isoAlpha3": "GGY",
        "isoNumeric": "831",
        "continent": {
            "name": "Europe",
            "code": "EU"
        },
        "flag": "gg.png"
    },
    {
        "name": "Guinea",
        "wikipediaLink": "Guinea",
        "frName": null,
        "frWikipediaLink": null,
        "isoAlpha2": "GN",
        "isoAlpha3": "GIN",
        "isoNumeric": "324",
        "continent": {
            "name": "Africa",
            "code": "AF"
        },
        "flag": "gn.png"
    },
    {
        "name": "Guinea-Bissau",
        "wikipediaLink": "Guinea-Bissau",
        "frName": null,
        "frWikipediaLink": null,
        "isoAlpha2": "GW",
        "isoAlpha3": "GNB",
        "isoNumeric": "624",
        "continent": {
            "name": "Africa",
            "code": "AF"
        },
        "flag": "gw.png"
    },
    {
        "name": "Guyana",
        "wikipediaLink": "Guyana",
        "frName": null,
        "frWikipediaLink": null,
        "isoAlpha2": "GY",
        "isoAlpha3": "GUY",
        "isoNumeric": "328",
        "continent": {
            "name": "South America",
            "code": "SA"
        },
        "flag": "gy.png"
    },
    {
        "name": "Haiti",
        "wikipediaLink": "Haiti",
        "frName": "Haiti",
        "frWikipediaLink": null,
        "isoAlpha2": "HT",
        "isoAlpha3": "HTI",
        "isoNumeric": "332",
        "continent": {
            "name": "North America",
            "code": "NA"
        },
        "flag": "ht.png"
    },
    {
        "name": "Heard Island and McDonald Islands",
        "wikipediaLink": "Heard Island and McDonald Islands",
        "frName": "Îles Heard-et-MacDonald",
        "frWikipediaLink": null,
        "isoAlpha2": "HM",
        "isoAlpha3": "HMD",
        "isoNumeric": "334",
        "continent": {
            "name": "Antarctica",
            "code": "AN"
        },
        "flag": "hm.png"
    },
    {
        "name": "Holy See",
        "wikipediaLink": "Holy See",
        "frName": "Saint-Siège",
        "frWikipediaLink": null,
        "isoAlpha2": "VA",
        "isoAlpha3": "VAT",
        "isoNumeric": "336",
        "continent": {
            "name": "Europe",
            "code": "EU"
        },
        "flag": "va.png"
    },
    {
        "name": "Honduras",
        "wikipediaLink": "Honduras",
        "frName": "Honduras",
        "frWikipediaLink": null,
        "isoAlpha2": "HN",
        "isoAlpha3": "HND",
        "isoNumeric": "340",
        "continent": {
            "name": "North America",
            "code": "NA"
        },
        "flag": "hn.png"
    },
    {
        "name": "Hong Kong",
        "wikipediaLink": "Hong Kong",
        "frName": "Hong Kong",
        "frWikipediaLink": null,
        "isoAlpha2": "HK",
        "isoAlpha3": "HKG",
        "isoNumeric": "344",
        "continent": {
            "name": "Asia",
            "code": "AS"
        },
        "flag": "hk.png"
    },
    {
        "name": "Hungary",
        "wikipediaLink": "Hungary",
        "frName": null,
        "frWikipediaLink": null,
        "isoAlpha2": "HU",
        "isoAlpha3": "HUN",
        "isoNumeric": "348",
        "continent": {
            "name": "Europe",
            "code": "EU"
        },
        "flag": "hu.png"
    },
    {
        "name": "Iceland",
        "wikipediaLink": "Iceland",
        "frName": null,
        "frWikipediaLink": null,
        "isoAlpha2": "IS",
        "isoAlpha3": "ISL",
        "isoNumeric": "352",
        "continent": {
            "name": "Europe",
            "code": "EU"
        },
        "flag": "is.png"
    },
    {
        "name": "India",
        "wikipediaLink": "India",
        "frName": null,
        "frWikipediaLink": null,
        "isoAlpha2": "IN",
        "isoAlpha3": "IND",
        "isoNumeric": "356",
        "continent": {
            "name": "Asia",
            "code": "AS"
        },
        "flag": "in.png"
    },
    {
        "name": "Indonesia",
        "wikipediaLink": "Indonesia",
        "frName": null,
        "frWikipediaLink": null,
        "isoAlpha2": "ID",
        "isoAlpha3": "IDN",
        "isoNumeric": "360",
        "continent": {
            "name": "Asia",
            "code": "AS"
        },
        "flag": "id.png"
    },
    {
        "name": "Iran (Islamic Republic of)",
        "wikipediaLink": "Iran (Islamic Republic of)",
        "frName": null,
        "frWikipediaLink": null,
        "isoAlpha2": "IR",
        "isoAlpha3": "IRN",
        "isoNumeric": "364",
        "continent": {
            "name": "Asia",
            "code": "AS"
        },
        "flag": "ir.png"
    },
    {
        "name": "Iraq",
        "wikipediaLink": "Iraq",
        "frName": null,
        "frWikipediaLink": null,
        "isoAlpha2": "IQ",
        "isoAlpha3": "IRQ",
        "isoNumeric": "368",
        "continent": {
            "name": "Asia",
            "code": "AS"
        },
        "flag": "iq.png"
    },
    {
        "name": "Ireland",
        "wikipediaLink": "Republic_of_Ireland",
        "frName": null,
        "frWikipediaLink": null,
        "isoAlpha2": "IE",
        "isoAlpha3": "IRL",
        "isoNumeric": "372",
        "continent": {
            "name": "Europe",
            "code": "EU"
        },
        "flag": "ie.png"
    },
    {
        "name": "Isle of Man",
        "wikipediaLink": "Isle of Man",
        "frName": "Île de Man",
        "frWikipediaLink": null,
        "isoAlpha2": "IM",
        "isoAlpha3": "IMN",
        "isoNumeric": "833",
        "continent": {
            "name": "Europe",
            "code": "EU"
        },
        "flag": "im.png"
    },
    {
        "name": "Israel",
        "wikipediaLink": "Israel",
        "frName": null,
        "frWikipediaLink": null,
        "isoAlpha2": "IL",
        "isoAlpha3": "ISR",
        "isoNumeric": "376",
        "continent": {
            "name": "Asia",
            "code": "AS"
        },
        "flag": "il.png"
    },
    {
        "name": "Italy",
        "wikipediaLink": "Italy",
        "frName": null,
        "frWikipediaLink": null,
        "isoAlpha2": "IT",
        "isoAlpha3": "ITA",
        "isoNumeric": "380",
        "continent": {
            "name": "Europe",
            "code": "EU"
        },
        "flag": "it.png"
    },
    {
        "name": "Jamaica",
        "wikipediaLink": "Jamaica",
        "frName": "Jamaïque",
        "frWikipediaLink": null,
        "isoAlpha2": "JM",
        "isoAlpha3": "JAM",
        "isoNumeric": "388",
        "continent": {
            "name": "North America",
            "code": "NA"
        },
        "flag": "jm.png"
    },
    {
        "name": "Japan",
        "wikipediaLink": "Japan",
        "frName": null,
        "frWikipediaLink": null,
        "isoAlpha2": "JP",
        "isoAlpha3": "JPN",
        "isoNumeric": "392",
        "continent": {
            "name": "Asia",
            "code": "AS"
        },
        "flag": "jp.png"
    },
    {
        "name": "Jersey",
        "wikipediaLink": "Jersey",
        "frName": "Jersey",
        "frWikipediaLink": null,
        "isoAlpha2": "JE",
        "isoAlpha3": "JEY",
        "isoNumeric": "832",
        "continent": {
            "name": "Europe",
            "code": "EU"
        },
        "flag": "je.png"
    },
    {
        "name": "Jordan",
        "wikipediaLink": "Jordan",
        "frName": null,
        "frWikipediaLink": null,
        "isoAlpha2": "JO",
        "isoAlpha3": "JOR",
        "isoNumeric": "400",
        "continent": {
            "name": "Asia",
            "code": "AS"
        },
        "flag": "jo.png"
    },
    {
        "name": "Kazakhstan",
        "wikipediaLink": "Kazakhstan",
        "frName": null,
        "frWikipediaLink": null,
        "isoAlpha2": "KZ",
        "isoAlpha3": "KAZ",
        "isoNumeric": "398",
        "continent": {
            "name": "Asia",
            "code": "AS"
        },
        "flag": "kz.png"
    },
    {
        "name": "Kenya",
        "wikipediaLink": "Kenya",
        "frName": null,
        "frWikipediaLink": null,
        "isoAlpha2": "KE",
        "isoAlpha3": "KEN",
        "isoNumeric": "404",
        "continent": {
            "name": "Africa",
            "code": "AF"
        },
        "flag": "ke.png"
    },
    {
        "name": "Kiribati",
        "wikipediaLink": "Kiribati",
        "frName": null,
        "frWikipediaLink": null,
        "isoAlpha2": "KI",
        "isoAlpha3": "KIR",
        "isoNumeric": "296",
        "continent": {
            "name": "Australia",
            "code": "OC"
        },
        "flag": "ki.png"
    },
    {
        "name": "Korea (Democratic People's Republic of)",
        "wikipediaLink": "North_Korea",
        "frName": null,
        "frWikipediaLink": null,
        "isoAlpha2": "KP",
        "isoAlpha3": "PRK",
        "isoNumeric": "408",
        "continent": {
            "name": "Asia",
            "code": "AS"
        },
        "flag": "kp.png"
    },
    {
        "name": "Korea (Republic of)",
        "wikipediaLink": "South_Korea",
        "frName": null,
        "frWikipediaLink": null,
        "isoAlpha2": "KR",
        "isoAlpha3": "KOR",
        "isoNumeric": "410",
        "continent": {
            "name": "Asia",
            "code": "AS"
        },
        "flag": "kr.png"
    },
    {
        "name": "Kuwait",
        "wikipediaLink": "Kuwait",
        "frName": null,
        "frWikipediaLink": null,
        "isoAlpha2": "KW",
        "isoAlpha3": "KWT",
        "isoNumeric": "414",
        "continent": {
            "name": "Asia",
            "code": "AS"
        },
        "flag": "kw.png"
    },
    {
        "name": "Kyrgyzstan",
        "wikipediaLink": "Kyrgyzstan",
        "frName": null,
        "frWikipediaLink": null,
        "isoAlpha2": "KG",
        "isoAlpha3": "KGZ",
        "isoNumeric": "417",
        "continent": {
            "name": "Asia",
            "code": "AS"
        },
        "flag": "kg.png"
    },
    {
        "name": "Lao People's Democratic Republic",
        "wikipediaLink": "Lao People's Democratic Republic",
        "frName": null,
        "frWikipediaLink": null,
        "isoAlpha2": "LA",
        "isoAlpha3": "LAO",
        "isoNumeric": "418",
        "continent": {
            "name": "Asia",
            "code": "AS"
        },
        "flag": "la.png"
    },
    {
        "name": "Latvia",
        "wikipediaLink": "Latvia",
        "frName": null,
        "frWikipediaLink": null,
        "isoAlpha2": "LV",
        "isoAlpha3": "LVA",
        "isoNumeric": "428",
        "continent": {
            "name": "Europe",
            "code": "EU"
        },
        "flag": "lv.png"
    },
    {
        "name": "Lebanon",
        "wikipediaLink": "Lebanon",
        "frName": "Libye",
        "frWikipediaLink": null,
        "isoAlpha2": "LB",
        "isoAlpha3": "LBN",
        "isoNumeric": "422",
        "continent": {
            "name": "Asia",
            "code": "AS"
        },
        "flag": "lb.png"
    },
    {
        "name": "Lesotho",
        "wikipediaLink": "Lesotho",
        "frName": null,
        "frWikipediaLink": null,
        "isoAlpha2": "LS",
        "isoAlpha3": "LSO",
        "isoNumeric": "426",
        "continent": {
            "name": "Africa",
            "code": "AF"
        },
        "flag": "ls.png"
    },
    {
        "name": "Liberia",
        "wikipediaLink": "Liberia",
        "frName": null,
        "frWikipediaLink": null,
        "isoAlpha2": "LR",
        "isoAlpha3": "LBR",
        "isoNumeric": "430",
        "continent": {
            "name": "Africa",
            "code": "AF"
        },
        "flag": "lr.png"
    },
    {
        "name": "Libya",
        "wikipediaLink": "Libya",
        "frName": "Libye",
        "frWikipediaLink": null,
        "isoAlpha2": "LY",
        "isoAlpha3": "LBY",
        "isoNumeric": "434",
        "continent": {
            "name": "Africa",
            "code": "AF"
        },
        "flag": "ly.png"
    },
    {
        "name": "Liechtenstein",
        "wikipediaLink": "Liechtenstein",
        "frName": null,
        "frWikipediaLink": null,
        "isoAlpha2": "LI",
        "isoAlpha3": "LIE",
        "isoNumeric": "438",
        "continent": {
            "name": "Europe",
            "code": "EU"
        },
        "flag": "li.png"
    },
    {
        "name": "Lithuania",
        "wikipediaLink": "Lithuania",
        "frName": null,
        "frWikipediaLink": null,
        "isoAlpha2": "LT",
        "isoAlpha3": "LTU",
        "isoNumeric": "440",
        "continent": {
            "name": "Europe",
            "code": "EU"
        },
        "flag": "lt.png"
    },
    {
        "name": "Luxembourg",
        "wikipediaLink": "Luxembourg",
        "frName": null,
        "frWikipediaLink": null,
        "isoAlpha2": "LU",
        "isoAlpha3": "LUX",
        "isoNumeric": "442",
        "continent": {
            "name": "Europe",
            "code": "EU"
        },
        "flag": "lu.png"
    },
    {
        "name": "Macao",
        "wikipediaLink": "Macao",
        "frName": "Macao",
        "frWikipediaLink": null,
        "isoAlpha2": "MO",
        "isoAlpha3": "MAC",
        "isoNumeric": "446",
        "continent": {
            "name": "Asia",
            "code": "AS"
        },
        "flag": "mo.png"
    },
    {
        "name": "Macedonia (the former Yugoslav Republic of)",
        "wikipediaLink": "North_Macedonia",
        "frName": null,
        "frWikipediaLink": null,
        "isoAlpha2": "MK",
        "isoAlpha3": "MKD",
        "isoNumeric": "807",
        "continent": {
            "name": "Europe",
            "code": "EU"
        },
        "flag": "mk.png"
    },
    {
        "name": "Madagascar",
        "wikipediaLink": "Madagascar",
        "frName": null,
        "frWikipediaLink": null,
        "isoAlpha2": "MG",
        "isoAlpha3": "MDG",
        "isoNumeric": "450",
        "continent": {
            "name": "Africa",
            "code": "AF"
        },
        "flag": "mg.png"
    },
    {
        "name": "Malawi",
        "wikipediaLink": "Malawi",
        "frName": null,
        "frWikipediaLink": null,
        "isoAlpha2": "MW",
        "isoAlpha3": "MWI",
        "isoNumeric": "454",
        "continent": {
            "name": "Africa",
            "code": "AF"
        },
        "flag": "mw.png"
    },
    {
        "name": "Malaysia",
        "wikipediaLink": "Malaysia",
        "frName": null,
        "frWikipediaLink": null,
        "isoAlpha2": "MY",
        "isoAlpha3": "MYS",
        "isoNumeric": "458",
        "continent": {
            "name": "Asia",
            "code": "AS"
        },
        "flag": "my.png"
    },
    {
        "name": "Maldives",
        "wikipediaLink": "Maldives",
        "frName": null,
        "frWikipediaLink": null,
        "isoAlpha2": "MV",
        "isoAlpha3": "MDV",
        "isoNumeric": "462",
        "continent": {
            "name": "Asia",
            "code": "AS"
        },
        "flag": "mv.png"
    },
    {
        "name": "Mali",
        "wikipediaLink": "Mali",
        "frName": null,
        "frWikipediaLink": null,
        "isoAlpha2": "ML",
        "isoAlpha3": "MLI",
        "isoNumeric": "466",
        "continent": {
            "name": "Africa",
            "code": "AF"
        },
        "flag": "ml.png"
    },
    {
        "name": "Malta",
        "wikipediaLink": "Malta",
        "frName": null,
        "frWikipediaLink": null,
        "isoAlpha2": "MT",
        "isoAlpha3": "MLT",
        "isoNumeric": "470",
        "continent": {
            "name": "Europe",
            "code": "EU"
        },
        "flag": "mt.png"
    },
    {
        "name": "Marshall Islands",
        "wikipediaLink": "Marshall Islands",
        "frName": null,
        "frWikipediaLink": null,
        "isoAlpha2": "MH",
        "isoAlpha3": "MHL",
        "isoNumeric": "584",
        "continent": {
            "name": "Australia",
            "code": "OC"
        },
        "flag": "mh.png"
    },
    {
        "name": "Martinique",
        "wikipediaLink": "Martinique",
        "frName": "Martinique",
        "frWikipediaLink": null,
        "isoAlpha2": "MQ",
        "isoAlpha3": "MTQ",
        "isoNumeric": "474",
        "continent": {
            "name": "North America",
            "code": "NA"
        },
        "flag": "mq.png"
    },
    {
        "name": "Mauritania",
        "wikipediaLink": "Mauritania",
        "frName": null,
        "frWikipediaLink": null,
        "isoAlpha2": "MR",
        "isoAlpha3": "MRT",
        "isoNumeric": "478",
        "continent": {
            "name": "Africa",
            "code": "AF"
        },
        "flag": "mr.png"
    },
    {
        "name": "Mauritius",
        "wikipediaLink": "Mauritius",
        "frName": null,
        "frWikipediaLink": null,
        "isoAlpha2": "MU",
        "isoAlpha3": "MUS",
        "isoNumeric": "480",
        "continent": {
            "name": "Africa",
            "code": "AF"
        },
        "flag": "mu.png"
    },
    {
        "name": "Mayotte",
        "wikipediaLink": "Mayotte",
        "frName": "Mayotte",
        "frWikipediaLink": null,
        "isoAlpha2": "YT",
        "isoAlpha3": "MYT",
        "isoNumeric": "175",
        "continent": {
            "name": "Africa",
            "code": "AF"
        },
        "flag": "yt.png"
    },
    {
        "name": "Mexico",
        "wikipediaLink": "Mexico",
        "frName": null,
        "frWikipediaLink": null,
        "isoAlpha2": "MX",
        "isoAlpha3": "MEX",
        "isoNumeric": "484",
        "continent": {
            "name": "North America",
            "code": "NA"
        },
        "flag": "mx.png"
    },
    {
        "name": "Micronesia (Federated States of)",
        "wikipediaLink": "Micronesia (Federated States of)",
        "frName": null,
        "frWikipediaLink": null,
        "isoAlpha2": "FM",
        "isoAlpha3": "FSM",
        "isoNumeric": "583",
        "continent": {
            "name": "Australia",
            "code": "OC"
        },
        "flag": "fm.png"
    },
    {
        "name": "Moldova (Republic of)",
        "wikipediaLink": "Moldova (Republic of)",
        "frName": null,
        "frWikipediaLink": null,
        "isoAlpha2": "MD",
        "isoAlpha3": "MDA",
        "isoNumeric": "498",
        "continent": {
            "name": "Europe",
            "code": "EU"
        },
        "flag": "md.png"
    },
    {
        "name": "Monaco",
        "wikipediaLink": "Monaco",
        "frName": null,
        "frWikipediaLink": null,
        "isoAlpha2": "MC",
        "isoAlpha3": "MCO",
        "isoNumeric": "492",
        "continent": {
            "name": "Europe",
            "code": "EU"
        },
        "flag": "mc.png"
    },
    {
        "name": "Mongolia",
        "wikipediaLink": "Mongolia",
        "frName": null,
        "frWikipediaLink": null,
        "isoAlpha2": "MN",
        "isoAlpha3": "MNG",
        "isoNumeric": "496",
        "continent": {
            "name": "Asia",
            "code": "AS"
        },
        "flag": "mn.png"
    },
    {
        "name": "Montenegro",
        "wikipediaLink": "Montenegro",
        "frName": null,
        "frWikipediaLink": null,
        "isoAlpha2": "ME",
        "isoAlpha3": "MNE",
        "isoNumeric": "499",
        "continent": {
            "name": "Europe",
            "code": "EU"
        },
        "flag": "me.png"
    },
    {
        "name": "Montserrat",
        "wikipediaLink": "Montserrat",
        "frName": "Montserrat (Antilles)",
        "frWikipediaLink": null,
        "isoAlpha2": "MS",
        "isoAlpha3": "MSR",
        "isoNumeric": "500",
        "continent": {
            "name": "North America",
            "code": "NA"
        },
        "flag": "ms.png"
    },
    {
        "name": "Morocco",
        "wikipediaLink": "Morocco",
        "frName": null,
        "frWikipediaLink": null,
        "isoAlpha2": "MA",
        "isoAlpha3": "MAR",
        "isoNumeric": "504",
        "continent": {
            "name": "Africa",
            "code": "AF"
        },
        "flag": "ma.png"
    },
    {
        "name": "Mozambique",
        "wikipediaLink": "Mozambique",
        "frName": null,
        "frWikipediaLink": null,
        "isoAlpha2": "MZ",
        "isoAlpha3": "MOZ",
        "isoNumeric": "508",
        "continent": {
            "name": "Africa",
            "code": "AF"
        },
        "flag": "mz.png"
    },
    {
        "name": "Myanmar",
        "wikipediaLink": "Myanmar",
        "frName": null,
        "frWikipediaLink": null,
        "isoAlpha2": "MM",
        "isoAlpha3": "MMR",
        "isoNumeric": "104",
        "continent": {
            "name": "Asia",
            "code": "AS"
        },
        "flag": "mm.png"
    },
    {
        "name": "Namibia",
        "wikipediaLink": "Namibia",
        "frName": null,
        "frWikipediaLink": null,
        "isoAlpha2": "NA",
        "isoAlpha3": "NAM",
        "isoNumeric": "516",
        "continent": {
            "name": "Africa",
            "code": "AF"
        },
        "flag": "na.png"
    },
    {
        "name": "Nauru",
        "wikipediaLink": "Nauru",
        "frName": null,
        "frWikipediaLink": null,
        "isoAlpha2": "NR",
        "isoAlpha3": "NRU",
        "isoNumeric": "520",
        "continent": {
            "name": "Australia",
            "code": "OC"
        },
        "flag": "nr.png"
    },
    {
        "name": "Nepal",
        "wikipediaLink": "Nepal",
        "frName": null,
        "frWikipediaLink": null,
        "isoAlpha2": "NP",
        "isoAlpha3": "NPL",
        "isoNumeric": "524",
        "continent": {
            "name": "Asia",
            "code": "AS"
        },
        "flag": "np.png"
    },
    {
        "name": "Netherlands",
        "wikipediaLink": "Netherlands",
        "frName": null,
        "frWikipediaLink": null,
        "isoAlpha2": "NL",
        "isoAlpha3": "NLD",
        "isoNumeric": "528",
        "continent": {
            "name": "Europe",
            "code": "EU"
        },
        "flag": "nl.png"
    },
    {
        "name": "New Caledonia",
        "wikipediaLink": "New Caledonia",
        "frName": "Nouvelle-Calédonie",
        "frWikipediaLink": null,
        "isoAlpha2": "NC",
        "isoAlpha3": "NCL",
        "isoNumeric": "540",
        "continent": {
            "name": "Australia",
            "code": "OC"
        },
        "flag": "nc.png"
    },
    {
        "name": "New Zealand",
        "wikipediaLink": "New Zealand",
        "frName": null,
        "frWikipediaLink": null,
        "isoAlpha2": "NZ",
        "isoAlpha3": "NZL",
        "isoNumeric": "554",
        "continent": {
            "name": "Australia",
            "code": "OC"
        },
        "flag": "nz.png"
    },
    {
        "name": "Nicaragua",
        "wikipediaLink": "Nicaragua",
        "frName": "Nicaragua",
        "frWikipediaLink": null,
        "isoAlpha2": "NI",
        "isoAlpha3": "NIC",
        "isoNumeric": "558",
        "continent": {
            "name": "North America",
            "code": "NA"
        },
        "flag": "ni.png"
    },
    {
        "name": "Niger",
        "wikipediaLink": "Niger",
        "frName": null,
        "frWikipediaLink": null,
        "isoAlpha2": "NE",
        "isoAlpha3": "NER",
        "isoNumeric": "562",
        "continent": {
            "name": "Africa",
            "code": "AF"
        },
        "flag": "ne.png"
    },
    {
        "name": "Nigeria",
        "wikipediaLink": "Nigeria",
        "frName": null,
        "frWikipediaLink": null,
        "isoAlpha2": "NG",
        "isoAlpha3": "NGA",
        "isoNumeric": "566",
        "continent": {
            "name": "Africa",
            "code": "AF"
        },
        "flag": "ng.png"
    },
    {
        "name": "Niue",
        "wikipediaLink": "Niue",
        "frName": null,
        "frWikipediaLink": null,
        "isoAlpha2": "NU",
        "isoAlpha3": "NIU",
        "isoNumeric": "570",
        "continent": {
            "name": "Australia",
            "code": "OC"
        },
        "flag": "nu.png"
    },
    {
        "name": "Norfolk Island",
        "wikipediaLink": "Norfolk Island",
        "frName": "Île Norfolk",
        "frWikipediaLink": null,
        "isoAlpha2": "NF",
        "isoAlpha3": "NFK",
        "isoNumeric": "574",
        "continent": {
            "name": "Australia",
            "code": "OC"
        },
        "flag": "nf.png"
    },
    {
        "name": "Northern Mariana Islands",
        "wikipediaLink": "Northern Mariana Islands",
        "frName": "Îles Mariannes du Nord",
        "frWikipediaLink": null,
        "isoAlpha2": "MP",
        "isoAlpha3": "MNP",
        "isoNumeric": "580",
        "continent": {
            "name": "Australia",
            "code": "OC"
        },
        "flag": "mp.png"
    },
    {
        "name": "Norway",
        "wikipediaLink": "Norway",
        "frName": null,
        "frWikipediaLink": null,
        "isoAlpha2": "NO",
        "isoAlpha3": "NOR",
        "isoNumeric": "578",
        "continent": {
            "name": "Europe",
            "code": "EU"
        },
        "flag": "no.png"
    },
    {
        "name": "Oman",
        "wikipediaLink": "Oman",
        "frName": null,
        "frWikipediaLink": null,
        "isoAlpha2": "OM",
        "isoAlpha3": "OMN",
        "isoNumeric": "512",
        "continent": {
            "name": "Asia",
            "code": "AS"
        },
        "flag": "om.png"
    },
    {
        "name": "Pakistan",
        "wikipediaLink": "Pakistan",
        "frName": null,
        "frWikipediaLink": null,
        "isoAlpha2": "PK",
        "isoAlpha3": "PAK",
        "isoNumeric": "586",
        "continent": {
            "name": "Asia",
            "code": "AS"
        },
        "flag": "pk.png"
    },
    {
        "name": "Palau",
        "wikipediaLink": "Palau",
        "frName": null,
        "frWikipediaLink": null,
        "isoAlpha2": "PW",
        "isoAlpha3": "PLW",
        "isoNumeric": "585",
        "continent": {
            "name": "Australia",
            "code": "OC"
        },
        "flag": "pw.png"
    },
    {
        "name": "Palestine, State of",
        "wikipediaLink": "Palestine, State of",
        "frName": null,
        "frWikipediaLink": null,
        "isoAlpha2": "PS",
        "isoAlpha3": "PSE",
        "isoNumeric": "275",
        "continent": {
            "name": "Asia",
            "code": "AS"
        },
        "flag": "ps.png"
    },
    {
        "name": "Panama",
        "wikipediaLink": "Panama",
        "frName": null,
        "frWikipediaLink": null,
        "isoAlpha2": "PA",
        "isoAlpha3": "PAN",
        "isoNumeric": "591",
        "continent": {
            "name": "North America",
            "code": "NA"
        },
        "flag": "pa.png"
    },
    {
        "name": "Papua New Guinea",
        "wikipediaLink": "Papua New Guinea",
        "frName": null,
        "frWikipediaLink": null,
        "isoAlpha2": "PG",
        "isoAlpha3": "PNG",
        "isoNumeric": "598",
        "continent": {
            "name": "Australia",
            "code": "OC"
        },
        "flag": "pg.png"
    },
    {
        "name": "Paraguay",
        "wikipediaLink": "Paraguay",
        "frName": null,
        "frWikipediaLink": null,
        "isoAlpha2": "PY",
        "isoAlpha3": "PRY",
        "isoNumeric": "600",
        "continent": {
            "name": "South America",
            "code": "SA"
        },
        "flag": "py.png"
    },
    {
        "name": "Peru",
        "wikipediaLink": "Peru",
        "frName": null,
        "frWikipediaLink": null,
        "isoAlpha2": "PE",
        "isoAlpha3": "PER",
        "isoNumeric": "604",
        "continent": {
            "name": "South America",
            "code": "SA"
        },
        "flag": "pe.png"
    },
    {
        "name": "Philippines",
        "wikipediaLink": "Philippines",
        "frName": null,
        "frWikipediaLink": null,
        "isoAlpha2": "PH",
        "isoAlpha3": "PHL",
        "isoNumeric": "608",
        "continent": {
            "name": "Asia",
            "code": "AS"
        },
        "flag": "ph.png"
    },
    {
        "name": "Pitcairn",
        "wikipediaLink": "Pitcairn",
        "frName": "Îles Pitcairn",
        "frWikipediaLink": null,
        "isoAlpha2": "PN",
        "isoAlpha3": "PCN",
        "isoNumeric": "612",
        "continent": {
            "name": "Australia",
            "code": "OC"
        },
        "flag": "pn.png"
    },
    {
        "name": "Poland",
        "wikipediaLink": "Poland",
        "frName": null,
        "frWikipediaLink": null,
        "isoAlpha2": "PL",
        "isoAlpha3": "POL",
        "isoNumeric": "616",
        "continent": {
            "name": "Europe",
            "code": "EU"
        },
        "flag": "pl.png"
    },
    {
        "name": "Portugal",
        "wikipediaLink": "Portugal",
        "frName": null,
        "frWikipediaLink": null,
        "isoAlpha2": "PT",
        "isoAlpha3": "PRT",
        "isoNumeric": "620",
        "continent": {
            "name": "Europe",
            "code": "EU"
        },
        "flag": "pt.png"
    },
    {
        "name": "Puerto Rico",
        "wikipediaLink": "Puerto Rico",
        "frName": "Porto Rico",
        "frWikipediaLink": null,
        "isoAlpha2": "PR",
        "isoAlpha3": "PRI",
        "isoNumeric": "630",
        "continent": {
            "name": "North America",
            "code": "NA"
        },
        "flag": "pr.png"
    },
    {
        "name": "Qatar",
        "wikipediaLink": "Qatar",
        "frName": null,
        "frWikipediaLink": null,
        "isoAlpha2": "QA",
        "isoAlpha3": "QAT",
        "isoNumeric": "634",
        "continent": {
            "name": "Asia",
            "code": "AS"
        },
        "flag": "qa.png"
    },
    {
        "name": "Réunion",
        "wikipediaLink": "Réunion",
        "frName": "Réunion",
        "frWikipediaLink": null,
        "isoAlpha2": "RE",
        "isoAlpha3": "REU",
        "isoNumeric": "638",
        "continent": {
            "name": "Africa",
            "code": "AF"
        },
        "flag": "re.png"
    },
    {
        "name": "Romania",
        "wikipediaLink": "Romania",
        "frName": null,
        "frWikipediaLink": null,
        "isoAlpha2": "RO",
        "isoAlpha3": "ROU",
        "isoNumeric": "642",
        "continent": {
            "name": "Europe",
            "code": "EU"
        },
        "flag": "ro.png"
    },
    {
        "name": "Russian Federation",
        "wikipediaLink": "Russian Federation",
        "frName": null,
        "frWikipediaLink": null,
        "isoAlpha2": "RU",
        "isoAlpha3": "RUS",
        "isoNumeric": "643",
        "continent": {
            "name": "Europe",
            "code": "EU"
        },
        "flag": "ru.png"
    },
    {
        "name": "Rwanda",
        "wikipediaLink": "Rwanda",
        "frName": null,
        "frWikipediaLink": null,
        "isoAlpha2": "RW",
        "isoAlpha3": "RWA",
        "isoNumeric": "646",
        "continent": {
            "name": "Africa",
            "code": "AF"
        },
        "flag": "rw.png"
    },
    {
        "name": "Saint Barthélemy",
        "wikipediaLink": "Saint Barthélemy",
        "frName": "Saint-Barthélemy (Antilles françaises)",
        "frWikipediaLink": null,
        "isoAlpha2": "BL",
        "isoAlpha3": "BLM",
        "isoNumeric": "652",
        "continent": {
            "name": "North America",
            "code": "NA"
        },
        "flag": "bl.png"
    },
    {
        "name": "Saint Helena, Ascension and Tristan da Cunha",
        "wikipediaLink": "Saint Helena, Ascension and Tristan da Cunha",
        "frName": "Sainte-Hélène, Ascension et Tristan da Cunha",
        "frWikipediaLink": null,
        "isoAlpha2": "SH",
        "isoAlpha3": "SHN",
        "isoNumeric": "654",
        "continent": {
            "name": "Africa",
            "code": "AF"
        },
        "flag": "sh.png"
    },
    {
        "name": "Saint Kitts and Nevis",
        "wikipediaLink": "Saint Kitts and Nevis",
        "frName": "Saint-Christophe-et-Niévès",
        "frWikipediaLink": null,
        "isoAlpha2": "KN",
        "isoAlpha3": "KNA",
        "isoNumeric": "659",
        "continent": {
            "name": "North America",
            "code": "NA"
        },
        "flag": "kn.png"
    },
    {
        "name": "Saint Lucia",
        "wikipediaLink": "Saint Lucia",
        "frName": "Sainte-Lucie",
        "frWikipediaLink": null,
        "isoAlpha2": "LC",
        "isoAlpha3": "LCA",
        "isoNumeric": "662",
        "continent": {
            "name": "North America",
            "code": "NA"
        },
        "flag": "lc.png"
    },
    {
        "name": "Saint Martin (French part)",
        "wikipediaLink": "Saint Martin (French part)",
        "frName": "Saint-Martin (Antilles françaises)",
        "frWikipediaLink": null,
        "isoAlpha2": "MF",
        "isoAlpha3": "MAF",
        "isoNumeric": "663",
        "continent": {
            "name": "North America",
            "code": "NA"
        },
        "flag": "mf.png"
    },
    {
        "name": "Saint Pierre and Miquelon",
        "wikipediaLink": "Saint Pierre and Miquelon",
        "frName": "Saint-Pierre-et-Miquelon",
        "frWikipediaLink": null,
        "isoAlpha2": "PM",
        "isoAlpha3": "SPM",
        "isoNumeric": "666",
        "continent": {
            "name": "North America",
            "code": "NA"
        },
        "flag": "pm.png"
    },
    {
        "name": "Saint Vincent and the Grenadines",
        "wikipediaLink": "Saint Vincent and the Grenadines",
        "frName": "Saint-Vincent-et-les-Grenadines",
        "frWikipediaLink": null,
        "isoAlpha2": "VC",
        "isoAlpha3": "VCT",
        "isoNumeric": "670",
        "continent": {
            "name": "North America",
            "code": "NA"
        },
        "flag": "vc.png"
    },
    {
        "name": "Samoa",
        "wikipediaLink": "Samoa",
        "frName": null,
        "frWikipediaLink": null,
        "isoAlpha2": "WS",
        "isoAlpha3": "WSM",
        "isoNumeric": "882",
        "continent": {
            "name": "Australia",
            "code": "OC"
        },
        "flag": "ws.png"
    },
    {
        "name": "San Marino",
        "wikipediaLink": "San Marino",
        "frName": null,
        "frWikipediaLink": null,
        "isoAlpha2": "SM",
        "isoAlpha3": "SMR",
        "isoNumeric": "674",
        "continent": {
            "name": "Europe",
            "code": "EU"
        },
        "flag": "sm.png"
    },
    {
        "name": "Sao Tome and Principe",
        "wikipediaLink": "Sao Tome and Principe",
        "frName": null,
        "frWikipediaLink": null,
        "isoAlpha2": "ST",
        "isoAlpha3": "STP",
        "isoNumeric": "678",
        "continent": {
            "name": "Africa",
            "code": "AF"
        },
        "flag": "st.png"
    },
    {
        "name": "Saudi Arabia",
        "wikipediaLink": "Saudi Arabia",
        "frName": null,
        "frWikipediaLink": null,
        "isoAlpha2": "SA",
        "isoAlpha3": "SAU",
        "isoNumeric": "682",
        "continent": {
            "name": "Asia",
            "code": "AS"
        },
        "flag": "sa.png"
    },
    {
        "name": "Senegal",
        "wikipediaLink": "Senegal",
        "frName": null,
        "frWikipediaLink": null,
        "isoAlpha2": "SN",
        "isoAlpha3": "SEN",
        "isoNumeric": "686",
        "continent": {
            "name": "Africa",
            "code": "AF"
        },
        "flag": "sn.png"
    },
    {
        "name": "Serbia",
        "wikipediaLink": "Serbia",
        "frName": null,
        "frWikipediaLink": null,
        "isoAlpha2": "RS",
        "isoAlpha3": "SRB",
        "isoNumeric": "688",
        "continent": {
            "name": "Europe",
            "code": "EU"
        },
        "flag": "rs.png"
    },
    {
        "name": "Seychelles",
        "wikipediaLink": "Seychelles",
        "frName": null,
        "frWikipediaLink": null,
        "isoAlpha2": "SC",
        "isoAlpha3": "SYC",
        "isoNumeric": "690",
        "continent": {
            "name": "Africa",
            "code": "AF"
        },
        "flag": "sc.png"
    },
    {
        "name": "Sierra Leone",
        "wikipediaLink": "Sierra Leone",
        "frName": null,
        "frWikipediaLink": null,
        "isoAlpha2": "SL",
        "isoAlpha3": "SLE",
        "isoNumeric": "694",
        "continent": {
            "name": "Africa",
            "code": "AF"
        },
        "flag": "sl.png"
    },
    {
        "name": "Singapore",
        "wikipediaLink": "Singapore",
        "frName": null,
        "frWikipediaLink": null,
        "isoAlpha2": "SG",
        "isoAlpha3": "SGP",
        "isoNumeric": "702",
        "continent": {
            "name": "Asia",
            "code": "AS"
        },
        "flag": "sg.png"
    },
    {
        "name": "Sint Maarten (Dutch part)",
        "wikipediaLink": "Sint Maarten (Dutch part)",
        "frName": "Saint-Martin (royaume des Pays-Bas)",
        "frWikipediaLink": null,
        "isoAlpha2": "SX",
        "isoAlpha3": "SXM",
        "isoNumeric": "534",
        "continent": {
            "name": "North America",
            "code": "NA"
        },
        "flag": "sx.png"
    },
    {
        "name": "Slovakia",
        "wikipediaLink": "Slovakia",
        "frName": null,
        "frWikipediaLink": null,
        "isoAlpha2": "SK",
        "isoAlpha3": "SVK",
        "isoNumeric": "703",
        "continent": {
            "name": "Europe",
            "code": "EU"
        },
        "flag": "sk.png"
    },
    {
        "name": "Slovenia",
        "wikipediaLink": "Slovenia",
        "frName": null,
        "frWikipediaLink": null,
        "isoAlpha2": "SI",
        "isoAlpha3": "SVN",
        "isoNumeric": "705",
        "continent": {
            "name": "Europe",
            "code": "EU"
        },
        "flag": "si.png"
    },
    {
        "name": "Solomon Islands",
        "wikipediaLink": "Solomon Islands",
        "frName": null,
        "frWikipediaLink": null,
        "isoAlpha2": "SB",
        "isoAlpha3": "SLB",
        "isoNumeric": "090",
        "continent": {
            "name": "Australia",
            "code": "OC"
        },
        "flag": "sb.png"
    },
    {
        "name": "Somalia",
        "wikipediaLink": "Somalia",
        "frName": null,
        "frWikipediaLink": null,
        "isoAlpha2": "SO",
        "isoAlpha3": "SOM",
        "isoNumeric": "706",
        "continent": {
            "name": "Africa",
            "code": "AF"
        },
        "flag": "so.png"
    },
    {
        "name": "South Africa",
        "wikipediaLink": "South Africa",
        "frName": null,
        "frWikipediaLink": null,
        "isoAlpha2": "ZA",
        "isoAlpha3": "ZAF",
        "isoNumeric": "710",
        "continent": {
            "name": "Africa",
            "code": "AF"
        },
        "flag": "za.png"
    },
    {
        "name": "South Georgia and the South Sandwich Islands",
        "wikipediaLink": "South Georgia and the South Sandwich Islands",
        "frName": "Géorgie du Sud-et-les îles Sandwich du Sud",
        "frWikipediaLink": null,
        "isoAlpha2": "GS",
        "isoAlpha3": "SGS",
        "isoNumeric": "239",
        "continent": {
            "name": "Antarctica",
            "code": "AN"
        },
        "flag": "gs.png"
    },
    {
        "name": "South Sudan",
        "wikipediaLink": "South Sudan",
        "frName": null,
        "frWikipediaLink": null,
        "isoAlpha2": "SS",
        "isoAlpha3": "SSD",
        "isoNumeric": "728",
        "continent": {
            "name": "Africa",
            "code": "AF"
        },
        "flag": "ss.png"
    },
    {
        "name": "Spain",
        "wikipediaLink": "Spain",
        "frName": null,
        "frWikipediaLink": null,
        "isoAlpha2": "ES",
        "isoAlpha3": "ESP",
        "isoNumeric": "724",
        "continent": {
            "name": "Europe",
            "code": "EU"
        },
        "flag": "es.png"
    },
    {
        "name": "Sri Lanka",
        "wikipediaLink": "Sri Lanka",
        "frName": null,
        "frWikipediaLink": null,
        "isoAlpha2": "LK",
        "isoAlpha3": "LKA",
        "isoNumeric": "144",
        "continent": {
            "name": "Asia",
            "code": "AS"
        },
        "flag": "lk.png"
    },
    {
        "name": "Sudan",
        "wikipediaLink": "Sudan",
        "frName": null,
        "frWikipediaLink": null,
        "isoAlpha2": "SD",
        "isoAlpha3": "SDN",
        "isoNumeric": "729",
        "continent": {
            "name": "Africa",
            "code": "AF"
        },
        "flag": "sd.png"
    },
    {
        "name": "Suriname",
        "wikipediaLink": "Suriname",
        "frName": null,
        "frWikipediaLink": null,
        "isoAlpha2": "SR",
        "isoAlpha3": "SUR",
        "isoNumeric": "740",
        "continent": {
            "name": "South America",
            "code": "SA"
        },
        "flag": "sr.png"
    },
    {
        "name": "Svalbard and Jan Mayen",
        "wikipediaLink": "Svalbard_and_Jan_Mayen",
        "frName": "Svalbard et Jan Mayen",
        "frWikipediaLink": null,
        "isoAlpha2": "SJ",
        "isoAlpha3": "SJM",
        "isoNumeric": "744",
        "continent": {
            "name": "Europe",
            "code": "EU"
        },
        "flag": "sj.png"
    },
    {
        "name": "Swaziland",
        "wikipediaLink": "Swaziland",
        "frName": null,
        "frWikipediaLink": null,
        "isoAlpha2": "SZ",
        "isoAlpha3": "SWZ",
        "isoNumeric": "748",
        "continent": {
            "name": "Africa",
            "code": "AF"
        },
        "flag": "sz.png"
    },
    {
        "name": "Sweden",
        "wikipediaLink": "Sweden",
        "frName": null,
        "frWikipediaLink": null,
        "isoAlpha2": "SE",
        "isoAlpha3": "SWE",
        "isoNumeric": "752",
        "continent": {
            "name": "Europe",
            "code": "EU"
        },
        "flag": "se.png"
    },
    {
        "name": "Switzerland",
        "wikipediaLink": "Switzerland",
        "frName": null,
        "frWikipediaLink": null,
        "isoAlpha2": "CH",
        "isoAlpha3": "CHE",
        "isoNumeric": "756",
        "continent": {
            "name": "Europe",
            "code": "EU"
        },
        "flag": "ch.png"
    },
    {
        "name": "Syrian Arab Republic",
        "wikipediaLink": "Syrian Arab Republic",
        "frName": null,
        "frWikipediaLink": null,
        "isoAlpha2": "SY",
        "isoAlpha3": "SYR",
        "isoNumeric": "760",
        "continent": {
            "name": "Asia",
            "code": "AS"
        },
        "flag": "sy.png"
    },
    {
        "name": "Taiwan, Province of China",
        "wikipediaLink": "Taiwan, Province of China",
        "frName": null,
        "frWikipediaLink": null,
        "isoAlpha2": "TW",
        "isoAlpha3": "TWN",
        "isoNumeric": "158",
        "continent": {
            "name": "Asia",
            "code": "AS"
        },
        "flag": "tw.png"
    },
    {
        "name": "Tajikistan",
        "wikipediaLink": "Tajikistan",
        "frName": null,
        "frWikipediaLink": null,
        "isoAlpha2": "TJ",
        "isoAlpha3": "TJK",
        "isoNumeric": "762",
        "continent": {
            "name": "Asia",
            "code": "AS"
        },
        "flag": "tj.png"
    },
    {
        "name": "Tanzania, United Republic of",
        "wikipediaLink": "Tanzania, United Republic of",
        "frName": null,
        "frWikipediaLink": null,
        "isoAlpha2": "TZ",
        "isoAlpha3": "TZA",
        "isoNumeric": "834",
        "continent": {
            "name": "Africa",
            "code": "AF"
        },
        "flag": "tz.png"
    },
    {
        "name": "Thailand",
        "wikipediaLink": "Thailand",
        "frName": null,
        "frWikipediaLink": null,
        "isoAlpha2": "TH",
        "isoAlpha3": "THA",
        "isoNumeric": "764",
        "continent": {
            "name": "Asia",
            "code": "AS"
        },
        "flag": "th.png"
    },
    {
        "name": "Timor-Leste",
        "wikipediaLink": "Timor-Leste",
        "frName": "Timor oriental",
        "frWikipediaLink": null,
        "isoAlpha2": "TL",
        "isoAlpha3": "TLS",
        "isoNumeric": "626",
        "continent": {
            "name": "Australia",
            "code": "OC"
        },
        "flag": "tl.png"
    },
    {
        "name": "Togo",
        "wikipediaLink": "Togo",
        "frName": null,
        "frWikipediaLink": null,
        "isoAlpha2": "TG",
        "isoAlpha3": "TGO",
        "isoNumeric": "768",
        "continent": {
            "name": "Africa",
            "code": "AF"
        },
        "flag": "tg.png"
    },
    {
        "name": "Tokelau",
        "wikipediaLink": "Tokelau",
        "frName": "Tokelau",
        "frWikipediaLink": null,
        "isoAlpha2": "TK",
        "isoAlpha3": "TKL",
        "isoNumeric": "772",
        "continent": {
            "name": "Australia",
            "code": "OC"
        },
        "flag": "tk.png"
    },
    {
        "name": "Tonga",
        "wikipediaLink": "Tonga",
        "frName": null,
        "frWikipediaLink": null,
        "isoAlpha2": "TO",
        "isoAlpha3": "TON",
        "isoNumeric": "776",
        "continent": {
            "name": "Australia",
            "code": "OC"
        },
        "flag": "to.png"
    },
    {
        "name": "Trinidad and Tobago",
        "wikipediaLink": "Trinidad and Tobago",
        "frName": "Trinité-et-Tobago",
        "frWikipediaLink": null,
        "isoAlpha2": "TT",
        "isoAlpha3": "TTO",
        "isoNumeric": "780",
        "continent": {
            "name": "South America",
            "code": "SA"
        },
        "flag": "tt.png"
    },
    {
        "name": "Tunisia",
        "wikipediaLink": "Tunisia",
        "frName": null,
        "frWikipediaLink": null,
        "isoAlpha2": "TN",
        "isoAlpha3": "TUN",
        "isoNumeric": "788",
        "continent": {
            "name": "Africa",
            "code": "AF"
        },
        "flag": "tn.png"
    },
    {
        "name": "Turkey",
        "wikipediaLink": "Turkey",
        "frName": null,
        "frWikipediaLink": null,
        "isoAlpha2": "TR",
        "isoAlpha3": "TUR",
        "isoNumeric": "792",
        "continent": {
            "name": "Asia",
            "code": "AS"
        },
        "flag": "tr.png"
    },
    {
        "name": "Turkmenistan",
        "wikipediaLink": "Turkmenistan",
        "frName": null,
        "frWikipediaLink": null,
        "isoAlpha2": "TM",
        "isoAlpha3": "TKM",
        "isoNumeric": "795",
        "continent": {
            "name": "Asia",
            "code": "AS"
        },
        "flag": "tm.png"
    },
    {
        "name": "Turks and Caicos Islands",
        "wikipediaLink": "Turks and Caicos Islands",
        "frName": "Îles Turques-et-Caïques",
        "frWikipediaLink": null,
        "isoAlpha2": "TC",
        "isoAlpha3": "TCA",
        "isoNumeric": "796",
        "continent": {
            "name": "North America",
            "code": "NA"
        },
        "flag": "tc.png"
    },
    {
        "name": "Tuvalu",
        "wikipediaLink": "Tuvalu",
        "frName": null,
        "frWikipediaLink": null,
        "isoAlpha2": "TV",
        "isoAlpha3": "TUV",
        "isoNumeric": "798",
        "continent": {
            "name": "Australia",
            "code": "OC"
        },
        "flag": "tv.png"
    },
    {
        "name": "Uganda",
        "wikipediaLink": "Uganda",
        "frName": null,
        "frWikipediaLink": null,
        "isoAlpha2": "UG",
        "isoAlpha3": "UGA",
        "isoNumeric": "800",
        "continent": {
            "name": "Africa",
            "code": "AF"
        },
        "flag": "ug.png"
    },
    {
        "name": "Ukraine",
        "wikipediaLink": "Ukraine",
        "frName": null,
        "frWikipediaLink": null,
        "isoAlpha2": "UA",
        "isoAlpha3": "UKR",
        "isoNumeric": "804",
        "continent": {
            "name": "Europe",
            "code": "EU"
        },
        "flag": "ua.png"
    },
    {
        "name": "United Arab Emirates",
        "wikipediaLink": "United Arab Emirates",
        "frName": null,
        "frWikipediaLink": null,
        "isoAlpha2": "AE",
        "isoAlpha3": "ARE",
        "isoNumeric": "784",
        "continent": {
            "name": "Asia",
            "code": "AS"
        },
        "flag": "ae.png"
    },
    {
        "name": "United Kingdom of Great Britain",
        "wikipediaLink": "United Kingdom of Great Britain",
        "frName": null,
        "frWikipediaLink": null,
        "isoAlpha2": "GB",
        "isoAlpha3": "GBR",
        "isoNumeric": "826",
        "continent": {
            "name": "Europe",
            "code": "EU"
        },
        "flag": "gb.png"
    },
    {
        "name": "United States",
        "wikipediaLink": "United_States",
        "frName": null,
        "frWikipediaLink": null,
        "isoAlpha2": "US",
        "isoAlpha3": "USA",
        "isoNumeric": "840",
        "continent": {
            "name": "North America",
            "code": "NA"
        },
        "flag": "us.png"
    },
    {
        "name": "United States Minor Outlying Islands",
        "wikipediaLink": "United States Minor Outlying Islands",
        "frName": "Îles mineures éloignées des États-Unis",
        "frWikipediaLink": null,
        "isoAlpha2": "UM",
        "isoAlpha3": "UMI",
        "isoNumeric": "581",
        "continent": {
            "name": "North America",
            "code": "NA"
        },
        "flag": "um.png"
    },
    {
        "name": "Uruguay",
        "wikipediaLink": "Uruguay",
        "frName": null,
        "frWikipediaLink": null,
        "isoAlpha2": "UY",
        "isoAlpha3": "URY",
        "isoNumeric": "858",
        "continent": {
            "name": "South America",
            "code": "SA"
        },
        "flag": "uy.png"
    },
    {
        "name": "Uzbekistan",
        "wikipediaLink": "Uzbekistan",
        "frName": null,
        "frWikipediaLink": null,
        "isoAlpha2": "UZ",
        "isoAlpha3": "UZB",
        "isoNumeric": "860",
        "continent": {
            "name": "Asia",
            "code": "AS"
        },
        "flag": "uz.png"
    },
    {
        "name": "Vanuatu",
        "wikipediaLink": "Vanuatu",
        "frName": null,
        "frWikipediaLink": null,
        "isoAlpha2": "VU",
        "isoAlpha3": "VUT",
        "isoNumeric": "548",
        "continent": {
            "name": "Australia",
            "code": "OC"
        },
        "flag": "vu.png"
    },
    {
        "name": "Venezuela (Bolivarian Republic of)",
        "wikipediaLink": "Venezuela (Bolivarian Republic of)",
        "frName": null,
        "frWikipediaLink": null,
        "isoAlpha2": "VE",
        "isoAlpha3": "VEN",
        "isoNumeric": "862",
        "continent": {
            "name": "South America",
            "code": "SA"
        },
        "flag": "ve.png"
    },
    {
        "name": "Viet Nam",
        "wikipediaLink": "Viet Nam",
        "frName": null,
        "frWikipediaLink": null,
        "isoAlpha2": "VN",
        "isoAlpha3": "VNM",
        "isoNumeric": "704",
        "continent": {
            "name": "Asia",
            "code": "AS"
        },
        "flag": "vn.png"
    },
    {
        "name": "Virgin Islands (British)",
        "wikipediaLink": "British_Virgin_Islands",
        "frName": "Îles Vierges britanniques",
        "frWikipediaLink": null,
        "isoAlpha2": "VG",
        "isoAlpha3": "VGB",
        "isoNumeric": "092",
        "continent": {
            "name": "North America",
            "code": "NA"
        },
        "flag": "vg.png"
    },
    {
        "name": "Virgin Islands (U.S.)",
        "wikipediaLink": "Virgin Islands (U.S.)",
        "frName": "Îles Vierges des États-Unis",
        "frWikipediaLink": null,
        "isoAlpha2": "VI",
        "isoAlpha3": "VIR",
        "isoNumeric": "850",
        "continent": {
            "name": "North America",
            "code": "NA"
        },
        "flag": "vi.png"
    },
    {
        "name": "Wallis and Futuna",
        "wikipediaLink": "Wallis and Futuna",
        "frName": "Wallis-et-Futuna",
        "frWikipediaLink": null,
        "isoAlpha2": "WF",
        "isoAlpha3": "WLF",
        "isoNumeric": "876",
        "continent": {
            "name": "Australia",
            "code": "OC"
        },
        "flag": "wf.png"
    },
    {
        "name": "Western Sahara",
        "wikipediaLink": "Western Sahara",
        "frName": "Sahara occidental",
        "frWikipediaLink": null,
        "isoAlpha2": "EH",
        "isoAlpha3": "ESH",
        "isoNumeric": "732",
        "continent": {
            "name": "Africa",
            "code": "AF"
        },
        "flag": "eh.png"
    },
    {
        "name": "Yemen",
        "wikipediaLink": "Yemen",
        "frName": null,
        "frWikipediaLink": null,
        "isoAlpha2": "YE",
        "isoAlpha3": "YEM",
        "isoNumeric": "887",
        "continent": {
            "name": "Asia",
            "code": "AS"
        },
        "flag": "ye.png"
    },
    {
        "name": "Zambia",
        "wikipediaLink": "Zambia",
        "frName": null,
        "frWikipediaLink": null,
        "isoAlpha2": "ZM",
        "isoAlpha3": "ZMB",
        "isoNumeric": "894",
        "continent": {
            "name": "Africa",
            "code": "AF"
        },
        "flag": "zm.png"
    },
    {
        "name": "Zimbabwe",
        "wikipediaLink": "Zimbabwe",
        "frName": null,
        "frWikipediaLink": null,
        "isoAlpha2": "ZW",
        "isoAlpha3": "ZWE",
        "isoNumeric": "716",
        "continent": {
            "name": "Africa",
            "code": "AF"
        },
        "flag": "zw.png"
    }
]