[
    {
        "name": "Ant-Man",
        "releaseDate": "2015-07-17",
        "wikipediaLink": "Ant-Man_(film)",
        "frName": "Ant-Man",
        "frWikipediaLink": "Ant-Man_(film)",
        "image": "Ant-Man_(film).jpg",
        "tvshow": false,
        "movie": true,
        "franchise": true,
        "clip": false,
        "domestic": 180202163,
        "international": 339109802,
        "worldwide": 519311965,
        "budget": 130000000,
        "runningTime": "01:57:00"
    },
    {
        "name": "Ant-Man and the Wasp",
        "releaseDate": "2018-07-06",
        "wikipediaLink": "Ant-Man_and_the_Wasp",
        "frName": null,
        "frWikipediaLink": null,
        "image": "Ant-Man_and_the_Wasp.jpg",
        "tvshow": false,
        "movie": true,
        "franchise": true,
        "clip": false,
        "domestic": 319034126,
        "international": 266762121,
        "worldwide": 585796247,
        "budget": 140000000,
        "runningTime": null
    },
    {
        "name": "Avengers: Age of Ultron",
        "releaseDate": "2015-05-01",
        "wikipediaLink": "Avengers_Age_of_Ultron",
        "frName": null,
        "frWikipediaLink": null,
        "image": "Avengers_Age_of_Ultron.jpg",
        "tvshow": false,
        "movie": true,
        "franchise": true,
        "clip": false,
        "domestic": 319034126,
        "international": 266762121,
        "worldwide": 585796247,
        "budget": 140000000,
        "runningTime": null
    },
    {
        "name": "Avengers: Endgame",
        "releaseDate": "2019-04-26",
        "wikipediaLink": "Avengers_Endgame",
        "frName": null,
        "frWikipediaLink": null,
        "image": "Avengers_Endgame.jpg",
        "tvshow": false,
        "movie": true,
        "franchise": true,
        "clip": false,
        "domestic": 319034126,
        "international": 266762121,
        "worldwide": 585796247,
        "budget": 140000000,
        "runningTime": null
    },
    {
        "name": "Avengers: Infinity War",
        "releaseDate": "2018-04-27",
        "wikipediaLink": "Avengers:_Infinity_War",
        "frName": null,
        "frWikipediaLink": null,
        "image": "Avengers_Infinity_War.jpg",
        "tvshow": false,
        "movie": true,
        "franchise": true,
        "clip": false,
        "domestic": 319034126,
        "international": 266762121,
        "worldwide": 585796247,
        "budget": 140000000,
        "runningTime": null
    },
    {
        "name": "Black Panther",
        "releaseDate": "2018-02-16",
        "wikipediaLink": "Black_Panther_(film)",
        "frName": null,
        "frWikipediaLink": null,
        "image": "Black_Panther_(film).jpg",
        "tvshow": false,
        "movie": true,
        "franchise": true,
        "clip": false,
        "domestic": 319034126,
        "international": 266762121,
        "worldwide": 585796247,
        "budget": 140000000,
        "runningTime": null
    },
    {
        "name": "Captain America: Civil War",
        "releaseDate": "2016-05-06",
        "wikipediaLink": "Captain_America:_Civil_War",
        "frName": null,
        "frWikipediaLink": null,
        "image": "Captain_America_Civil_War.jpg",
        "tvshow": false,
        "movie": true,
        "franchise": true,
        "clip": false,
        "domestic": 319034126,
        "international": 266762121,
        "worldwide": 585796247,
        "budget": 140000000,
        "runningTime": null
    },
    {
        "name": "Captain America: The First Avenger",
        "releaseDate": "2011-07-22",
        "wikipediaLink": "Captain_America:_The_First_Avenger",
        "frName": null,
        "frWikipediaLink": null,
        "image": "Captain_America_The_First_Avenger.jpg",
        "tvshow": false,
        "movie": true,
        "franchise": true,
        "clip": false,
        "domestic": 319034126,
        "international": 266762121,
        "worldwide": 585796247,
        "budget": 140000000,
        "runningTime": null
    },
    {
        "name": "Captain America: The Winter Soldier",
        "releaseDate": "2014-04-04",
        "wikipediaLink": "Captain_America:_The_Winter_Soldier",
        "frName": null,
        "frWikipediaLink": null,
        "image": "Captain_America_The_Winter_Soldier.jpg",
        "tvshow": false,
        "movie": true,
        "franchise": true,
        "clip": false,
        "domestic": 319034126,
        "international": 266762121,
        "worldwide": 585796247,
        "budget": 140000000,
        "runningTime": null
    },
    {
        "name": "Captain Marvel",
        "releaseDate": "2019-03-08",
        "wikipediaLink": "Captain_Marvel_(film)",
        "frName": null,
        "frWikipediaLink": null,
        "image": "Captain_Marvel_(film).jpg",
        "tvshow": false,
        "movie": true,
        "franchise": true,
        "clip": false,
        "domestic": 319034126,
        "international": 266762121,
        "worldwide": 585796247,
        "budget": 140000000,
        "runningTime": null
    },
    {
        "name": "Doctor Strange",
        "releaseDate": "2016-11-04",
        "wikipediaLink": "Doctor_Strange_(2016_film)",
        "frName": null,
        "frWikipediaLink": null,
        "image": "Doctor_Strange_(2016_film).jpg",
        "tvshow": false,
        "movie": true,
        "franchise": true,
        "clip": false,
        "domestic": 319034126,
        "international": 266762121,
        "worldwide": 585796247,
        "budget": 140000000,
        "runningTime": null
    },
    {
        "name": "Game of Thrones",
        "releaseDate": "2011-04-17",
        "wikipediaLink": "Game_of_Thrones",
        "frName": null,
        "frWikipediaLink": null,
        "image": "Game_of_Thrones.jpg",
        "tvshow": true,
        "movie": false,
        "franchise": false,
        "clip": false,
        "domestic": null,
        "international": null,
        "worldwide": null,
        "budget": null,
        "runningTime": null
    },
    {
        "name": "Guardians of the Galaxy",
        "releaseDate": "2014-08-01",
        "wikipediaLink": "Guardians_of_the_Galaxy_(film)",
        "frName": null,
        "frWikipediaLink": null,
        "image": "Guardians_of_the_Galaxy_(film).jpg",
        "tvshow": false,
        "movie": true,
        "franchise": true,
        "clip": false,
        "domestic": 319034126,
        "international": 266762121,
        "worldwide": 585796247,
        "budget": 140000000,
        "runningTime": null
    },
    {
        "name": "Guardians of the Galaxy Vol. 2",
        "releaseDate": "2017-05-05",
        "wikipediaLink": "Guardians_of_the_Galaxy_Vol._2",
        "frName": null,
        "frWikipediaLink": null,
        "image": "Guardians_of_the_Galaxy_Vol._2.jpg",
        "tvshow": false,
        "movie": true,
        "franchise": true,
        "clip": false,
        "domestic": 319034126,
        "international": 266762121,
        "worldwide": 585796247,
        "budget": 140000000,
        "runningTime": null
    },
    {
        "name": "Iron Man",
        "releaseDate": "2008-05-02",
        "wikipediaLink": "Iron_Man_(2008_film)",
        "frName": "Iron Man",
        "frWikipediaLink": "Iron_Man_(film)",
        "image": "Iron_Man_(2008_film).jpg",
        "tvshow": false,
        "movie": true,
        "franchise": true,
        "clip": false,
        "domestic": 319034126,
        "international": 266762121,
        "worldwide": 585796247,
        "budget": 140000000,
        "runningTime": "02:06:00"
    },
    {
        "name": "Iron Man 2",
        "releaseDate": "2010-04-26",
        "wikipediaLink": "Iron_Man_2",
        "frName": null,
        "frWikipediaLink": null,
        "image": "Iron_Man_2.jpg",
        "tvshow": false,
        "movie": true,
        "franchise": true,
        "clip": false,
        "domestic": 319034126,
        "international": 266762121,
        "worldwide": 585796247,
        "budget": 140000000,
        "runningTime": null
    },
    {
        "name": "Iron Man 3",
        "releaseDate": "2013-05-03",
        "wikipediaLink": "Iron_Man_3",
        "frName": null,
        "frWikipediaLink": null,
        "image": "Iron_Man_3.jpg",
        "tvshow": false,
        "movie": true,
        "franchise": true,
        "clip": false,
        "domestic": 319034126,
        "international": 266762121,
        "worldwide": 585796247,
        "budget": 140000000,
        "runningTime": null
    },
    {
        "name": "Marvel's The Avengers",
        "releaseDate": "2012-05-04",
        "wikipediaLink": "The_Avengers_(2012_film)",
        "frName": null,
        "frWikipediaLink": null,
        "image": "The_Avengers_(2012_film).jpg",
        "tvshow": false,
        "movie": true,
        "franchise": true,
        "clip": false,
        "domestic": 319034126,
        "international": 266762121,
        "worldwide": 585796247,
        "budget": 140000000,
        "runningTime": null
    },
    {
        "name": "Spider-Man: Far From Home",
        "releaseDate": "2019-07-02",
        "wikipediaLink": "Spider-Man_Far_From_Home",
        "frName": null,
        "frWikipediaLink": null,
        "image": "Spider-Man_Far_From_Home.jpg",
        "tvshow": false,
        "movie": true,
        "franchise": true,
        "clip": false,
        "domestic": 319034126,
        "international": 266762121,
        "worldwide": 585796247,
        "budget": 140000000,
        "runningTime": null
    },
    {
        "name": "Spider-Man: Homecoming",
        "releaseDate": "2017-07-07",
        "wikipediaLink": "Spider-Man_Homecoming",
        "frName": null,
        "frWikipediaLink": null,
        "image": "Spider-Man_Homecoming.jpg",
        "tvshow": false,
        "movie": true,
        "franchise": true,
        "clip": false,
        "domestic": 319034126,
        "international": 266762121,
        "worldwide": 585796247,
        "budget": 140000000,
        "runningTime": null
    },
    {
        "name": "The Incredible Hulk",
        "releaseDate": "2008-06-13",
        "wikipediaLink": "The_Incredible_Hulk_(film)",
        "frName": "L'Incroyable Hulk",
        "frWikipediaLink": "L'Incroyable_Hulk_(film)",
        "image": "The_Incredible_Hulk_(film).jpg",
        "tvshow": false,
        "movie": true,
        "franchise": true,
        "clip": false,
        "domestic": 319034126,
        "international": 266762121,
        "worldwide": 585796247,
        "budget": 140000000,
        "runningTime": null
    },
    {
        "name": "Thor",
        "releaseDate": "2011-05-06",
        "wikipediaLink": "Thor",
        "frName": null,
        "frWikipediaLink": null,
        "image": "Thor_(film).jpg",
        "tvshow": false,
        "movie": true,
        "franchise": true,
        "clip": false,
        "domestic": 319034126,
        "international": 266762121,
        "worldwide": 585796247,
        "budget": 140000000,
        "runningTime": null
    },
    {
        "name": "Thor: Ragnarok",
        "releaseDate": "2017-11-03",
        "wikipediaLink": "Thor_Ragnarok",
        "frName": null,
        "frWikipediaLink": null,
        "image": "Thor_Ragnarok.jpg",
        "tvshow": false,
        "movie": true,
        "franchise": true,
        "clip": false,
        "domestic": 319034126,
        "international": 266762121,
        "worldwide": 585796247,
        "budget": 140000000,
        "runningTime": null
    },
    {
        "name": "Thor: The Dark World",
        "releaseDate": "2013-10-22",
        "wikipediaLink": "Thor:_The_Dark_World",
        "frName": null,
        "frWikipediaLink": null,
        "image": "Thor_The_Dark_World.jpg",
        "tvshow": false,
        "movie": true,
        "franchise": true,
        "clip": false,
        "domestic": 319034126,
        "international": 266762121,
        "worldwide": 585796247,
        "budget": 140000000,
        "runningTime": null
    }
]