[
    {
        "name": "Actor",
        "wikipediaLink": "Actor",
        "frName": "Acteur",
        "frWikipediaLink": "Acteur"
    },
    {
        "name": "Composer",
        "wikipediaLink": "Composer",
        "frName": "Compositeur",
        "frWikipediaLink": "Compositeur"
    },
    {
        "name": "Film director",
        "wikipediaLink": "Film_director",
        "frName": "Réalisateur",
        "frWikipediaLink": "Réalisateur"
    },
    {
        "name": "Film producer",
        "wikipediaLink": "Film_producer",
        "frName": "Producteur",
        "frWikipediaLink": "Producteur_de_cinéma"
    },
    {
        "name": "Screenwriter",
        "wikipediaLink": "Screenwriter",
        "frName": "Scénariste",
        "frWikipediaLink": "Scénariste"
    },
    {
        "name": "Stunt performer",
        "wikipediaLink": "Stunt_performer",
        "frName": "Cascadeur",
        "frWikipediaLink": "Cascadeur"
    }
]