[
  {
    "youtubeLink": "xgbPSA94Rqg",
    "releaseDate": "24/05/2021",
    "createDate": "24/05/2021",
    "category": "show",
    "name": "Foundation — Teaser | Apple TV+"
  },
  {
    "youtubeLink": "n9xhJrPXop4",
    "releaseDate": "24/05/2021",
    "createDate": "24/05/2021",
    "category": "movie",
    "name": "Dune Official Trailer"
  },
  {
    "youtubeLink": "rE92bDAlPXI",
    "releaseDate": "24/05/2021",
    "createDate": "24/05/2021",
    "category": "show",
    "name": "Raised by Wolves | New Trailer | HBO Max"
  },
  {
    "youtubeLink": "O5OvkVVsIvw",
    "releaseDate": "24/05/2021",
    "createDate": "24/05/2021",
    "category": "show",
    "name": "SEE Saison 2 Bande Annonce VF (2021) Jason Momoa VS Dave Bautista"
  },
  {
    "youtubeLink": "G8wxsGl-rMA",
    "releaseDate": "24/05/2021",
    "createDate": "24/05/2021",
    "category": "movie",
    "name": "LES ÉTERNELS Bande Annonce VF (2021) Angelina Jolie, Marvel"
  },
  {
    "youtubeLink": "aJOTlE1K90k",
    "releaseDate": "24/05/2021",
    "createDate": "24/05/2021",
    "category": "clip",
    "name": "Maroon 5 - Girls Like You ft. Cardi B (Official Music Video)"
  },
  {
    "youtubeLink": "hh5HV4iic1Y",
    "createDate": "24/05/2021",
    "releaseDate": "24/05/2021",
    "category": "game",
    "name": "UNCHARTED 4: A Thief's End (5/10/2016) - Story Trailer | PS4"
  },
  {
    "youtubeLink": "mllXxyHTzfg",
    "releaseDate": "24/05/2021",
    "createDate": "24/05/2021",
    "category": "clip",
    "name": "The Hobbit: The Desolation of Smaug - Ed Sheeran \"I See Fire\" [HD]"
  }
]