[
    {
        "id": 1005,
        "name": "Africa",
        "code": "AF",
        "frenchName": "Afrique",
        "wikipediaLink": "Africa",
        "area": 30370000,
        "population": 1287920000,
        "countriesNumber": 54
    },
    {
        "id": 1002,
        "name": "Antarctica",
        "code": "AN",
        "frenchName": "Antarctique",
        "wikipediaLink": "Antarctica",
        "area": 14000000,
        "population": 4490,
        "countriesNumber": null
    },
    {
        "id": 1006,
        "name": "Asia",
        "code": "AS",
        "frenchName": "Asie",
        "wikipediaLink": "Asia",
        "area": 44579000,
        "population": 4545133000,
        "countriesNumber": 47
    },
    {
        "id": 1004,
        "name": "Australia",
        "code": "OC",
        "frenchName": "Australie",
        "wikipediaLink": "Australia_(continent)",
        "area": 8600000,
        "population": 41261000,
        "countriesNumber": 14
    },
    {
        "id": 1003,
        "name": "Europe",
        "code": "EU",
        "frenchName": "Europe",
        "wikipediaLink": "Europe",
        "area": 10180000,
        "population": 742648000,
        "countriesNumber": 45
    },
    {
        "id": 1000,
        "name": "North America",
        "code": "NA",
        "frenchName": "Amérique du Nord",
        "wikipediaLink": "North_America",
        "area": 24709000,
        "population": 587615000,
        "countriesNumber": 23
    },
    {
        "id": 1001,
        "name": "South America",
        "code": "SA",
        "frenchName": "Amérique du Sud",
        "wikipediaLink": "South_America",
        "area": 17840000,
        "population": 428240000,
        "countriesNumber": 12
    }
]