[
    {
        "id": 1000,
        "name": "Afghanistan",
        "wikipediaLink": "Afghanistan",
        "isoAlpha2": "AF",
        "isoAlpha3": "AFG",
        "isoNumeric": "004",
        "flag": "af.png",
        "image": "./assets/params/images/crud/flags/af.png",
        "continent": {
            "name": "Asia",
            "code": "AS"
        }
    },
    {
        "id": 1248,
        "name": "Åland Islands",
        "wikipediaLink": "Åland_Islands",
        "isoAlpha2": "AX",
        "isoAlpha3": "ALA",
        "isoNumeric": "248",
        "flag": "ax.png",
        "image": "./assets/params/images/crud/flags/ax.png",
        "continent": {
            "name": "Europe",
            "code": "EU"
        }
    },
    {
        "id": 1001,
        "name": "Albania",
        "wikipediaLink": "Albania",
        "isoAlpha2": "AL",
        "isoAlpha3": "ALB",
        "isoNumeric": "008",
        "flag": "al.png",
        "image": "./assets/params/images/crud/flags/al.png",
        "continent": {
            "name": "Europe",
            "code": "EU"
        }
    },
    {
        "id": 1247,
        "name": "Algeria",
        "wikipediaLink": "Algeria",
        "isoAlpha2": "DZ",
        "isoAlpha3": "DZA",
        "isoNumeric": "012",
        "flag": "dz.png",
        "image": "./assets/params/images/crud/flags/dz.png",
        "continent": {
            "name": "Africa",
            "code": "AF"
        }
    },
    {
        "id": 1037,
        "name": "American Samoa",
        "wikipediaLink": "American Samoa",
        "isoAlpha2": "AS",
        "isoAlpha3": "ASM",
        "isoNumeric": "016",
        "flag": "as.png",
        "image": "./assets/params/images/crud/flags/as.png",
        "continent": {
            "name": "Australia",
            "code": "OC"
        }
    },
    {
        "id": 1057,
        "name": "Andorra",
        "wikipediaLink": "Andorra",
        "isoAlpha2": "AD",
        "isoAlpha3": "AND",
        "isoNumeric": "020",
        "flag": "ad.png",
        "image": "./assets/params/images/crud/flags/ad.png",
        "continent": {
            "name": "Europe",
            "code": "EU"
        }
    },
    {
        "id": 1076,
        "name": "Angola",
        "wikipediaLink": "Angola",
        "isoAlpha2": "AO",
        "isoAlpha3": "AGO",
        "isoNumeric": "024",
        "flag": "ao.png",
        "image": "./assets/params/images/crud/flags/ao.png",
        "continent": {
            "name": "Africa",
            "code": "AF"
        }
    },
    {
        "id": 1071,
        "name": "Anguilla",
        "wikipediaLink": "Anguilla",
        "isoAlpha2": "AI",
        "isoAlpha3": "AIA",
        "isoNumeric": "660",
        "flag": "ai.png",
        "image": "./assets/params/images/crud/flags/ai.png",
        "continent": {
            "name": "North America",
            "code": "NA"
        }
    },
    {
        "id": 1092,
        "name": "Antarctica",
        "wikipediaLink": "Antarctica",
        "isoAlpha2": "AQ",
        "isoAlpha3": "ATA",
        "isoNumeric": "010",
        "flag": "aq.png",
        "image": "./assets/params/images/crud/flags/aq.png",
        "continent": {
            "name": "Antarctica",
            "code": "AN"
        }
    },
    {
        "id": 1095,
        "name": "Antigua and Barbuda",
        "wikipediaLink": "Antigua and Barbuda",
        "isoAlpha2": "AG",
        "isoAlpha3": "ATG",
        "isoNumeric": "028",
        "flag": "ag.png",
        "image": "./assets/params/images/crud/flags/ag.png",
        "continent": {
            "name": "North America",
            "code": "NA"
        }
    },
    {
        "id": 1002,
        "name": "Argentina",
        "wikipediaLink": "Argentina",
        "isoAlpha2": "AR",
        "isoAlpha3": "ARG",
        "isoNumeric": "032",
        "flag": "ar.png",
        "image": "./assets/params/images/crud/flags/ar.png",
        "continent": {
            "name": "South America",
            "code": "SA"
        }
    },
    {
        "id": 1003,
        "name": "Armenia",
        "wikipediaLink": "Armenia",
        "isoAlpha2": "AM",
        "isoAlpha3": "ARM",
        "isoNumeric": "051",
        "flag": "am.png",
        "image": "./assets/params/images/crud/flags/am.png",
        "continent": {
            "name": "Asia",
            "code": "AS"
        }
    },
    {
        "id": 1004,
        "name": "Aruba",
        "wikipediaLink": "Aruba",
        "isoAlpha2": "AW",
        "isoAlpha3": "ABW",
        "isoNumeric": "533",
        "flag": "aw.png",
        "image": "./assets/params/images/crud/flags/aw.png",
        "continent": {
            "name": "South America",
            "code": "SA"
        }
    },
    {
        "id": 1005,
        "name": "Australia",
        "wikipediaLink": "Australia",
        "isoAlpha2": "AU",
        "isoAlpha3": "AUS",
        "isoNumeric": "036",
        "flag": "au.png",
        "image": "./assets/params/images/crud/flags/au.png",
        "continent": {
            "name": "Australia",
            "code": "OC"
        }
    },
    {
        "id": 1006,
        "name": "Austria",
        "wikipediaLink": "Austria",
        "isoAlpha2": "AT",
        "isoAlpha3": "AUT",
        "isoNumeric": "040",
        "flag": "at.png",
        "image": "./assets/params/images/crud/flags/at.png",
        "continent": {
            "name": "Europe",
            "code": "EU"
        }
    },
    {
        "id": 1007,
        "name": "Azerbaijan",
        "wikipediaLink": "Azerbaijan",
        "isoAlpha2": "AZ",
        "isoAlpha3": "AZE",
        "isoNumeric": "031",
        "flag": "az.png",
        "image": "./assets/params/images/crud/flags/az.png",
        "continent": {
            "name": "Asia",
            "code": "AS"
        }
    },
    {
        "id": 1008,
        "name": "Bahamas",
        "wikipediaLink": "Bahamas",
        "isoAlpha2": "BS",
        "isoAlpha3": "BHS",
        "isoNumeric": "044",
        "flag": "bs.png",
        "image": "./assets/params/images/crud/flags/bs.png",
        "continent": {
            "name": "North America",
            "code": "NA"
        }
    },
    {
        "id": 1009,
        "name": "Bahrain",
        "wikipediaLink": "Bahrain",
        "isoAlpha2": "BH",
        "isoAlpha3": "BHR",
        "isoNumeric": "048",
        "flag": "bh.png",
        "image": "./assets/params/images/crud/flags/bh.png",
        "continent": {
            "name": "Asia",
            "code": "AS"
        }
    },
    {
        "id": 1010,
        "name": "Bangladesh",
        "wikipediaLink": "Bangladesh",
        "isoAlpha2": "BD",
        "isoAlpha3": "BGD",
        "isoNumeric": "050",
        "flag": "bd.png",
        "image": "./assets/params/images/crud/flags/bd.png",
        "continent": {
            "name": "Asia",
            "code": "AS"
        }
    },
    {
        "id": 1011,
        "name": "Barbados",
        "wikipediaLink": "Barbados",
        "isoAlpha2": "BB",
        "isoAlpha3": "BRB",
        "isoNumeric": "052",
        "flag": "bb.png",
        "image": "./assets/params/images/crud/flags/bb.png",
        "continent": {
            "name": "North America",
            "code": "NA"
        }
    },
    {
        "id": 1012,
        "name": "Belarus",
        "wikipediaLink": "Belarus",
        "isoAlpha2": "BY",
        "isoAlpha3": "BLR",
        "isoNumeric": "112",
        "flag": "by.png",
        "image": "./assets/params/images/crud/flags/by.png",
        "continent": {
            "name": "Europe",
            "code": "EU"
        }
    },
    {
        "id": 1013,
        "name": "Belgium",
        "wikipediaLink": "Belgium",
        "isoAlpha2": "BE",
        "isoAlpha3": "BEL",
        "isoNumeric": "056",
        "flag": "be.png",
        "image": "./assets/params/images/crud/flags/be.png",
        "continent": {
            "name": "Europe",
            "code": "EU"
        }
    },
    {
        "id": 1014,
        "name": "Belize",
        "wikipediaLink": "Belize",
        "isoAlpha2": "BZ",
        "isoAlpha3": "BLZ",
        "isoNumeric": "084",
        "flag": "bz.png",
        "image": "./assets/params/images/crud/flags/bz.png",
        "continent": {
            "name": "North America",
            "code": "NA"
        }
    },
    {
        "id": 1015,
        "name": "Benin",
        "wikipediaLink": "Benin",
        "isoAlpha2": "BJ",
        "isoAlpha3": "BEN",
        "isoNumeric": "204",
        "flag": "bj.png",
        "image": "./assets/params/images/crud/flags/bj.png",
        "continent": {
            "name": "Africa",
            "code": "AF"
        }
    },
    {
        "id": 1016,
        "name": "Bermuda",
        "wikipediaLink": "Bermuda",
        "isoAlpha2": "BM",
        "isoAlpha3": "BMU",
        "isoNumeric": "060",
        "flag": "bm.png",
        "image": "./assets/params/images/crud/flags/bm.png",
        "continent": {
            "name": "North America",
            "code": "NA"
        }
    },
    {
        "id": 1017,
        "name": "Bhutan",
        "wikipediaLink": "Bhutan",
        "isoAlpha2": "BT",
        "isoAlpha3": "BTN",
        "isoNumeric": "064",
        "flag": "bt.png",
        "image": "./assets/params/images/crud/flags/bt.png",
        "continent": {
            "name": "Asia",
            "code": "AS"
        }
    },
    {
        "id": 1018,
        "name": "Bolivia (Plurinational State of)",
        "wikipediaLink": "Bolivia (Plurinational State of)",
        "isoAlpha2": "BO",
        "isoAlpha3": "BOL",
        "isoNumeric": "068",
        "flag": "bo.png",
        "image": "./assets/params/images/crud/flags/bo.png",
        "continent": {
            "name": "South America",
            "code": "SA"
        }
    },
    {
        "id": 1019,
        "name": "Bonaire, Sint Eustatius and Saba",
        "wikipediaLink": "Caribbean_Netherlands",
        "isoAlpha2": "BQ",
        "isoAlpha3": "BES",
        "isoNumeric": "535",
        "flag": "bq.png",
        "image": "./assets/params/images/crud/flags/bq.png",
        "continent": {
            "name": "South America",
            "code": "SA"
        }
    },
    {
        "id": 1020,
        "name": "Bosnia and Herzegovina",
        "wikipediaLink": "Bosnia_and_Herzegovina",
        "isoAlpha2": "BA",
        "isoAlpha3": "BIH",
        "isoNumeric": "070",
        "flag": "ba.png",
        "image": "./assets/params/images/crud/flags/ba.png",
        "continent": {
            "name": "Europe",
            "code": "EU"
        }
    },
    {
        "id": 1021,
        "name": "Botswana",
        "wikipediaLink": "Botswana",
        "isoAlpha2": "BW",
        "isoAlpha3": "BWA",
        "isoNumeric": "072",
        "flag": "bw.png",
        "image": "./assets/params/images/crud/flags/bw.png",
        "continent": {
            "name": "Africa",
            "code": "AF"
        }
    },
    {
        "id": 1022,
        "name": "Bouvet Island",
        "wikipediaLink": "Bouvet_Island",
        "isoAlpha2": "BV",
        "isoAlpha3": "BVT",
        "isoNumeric": "074",
        "flag": "bv.png",
        "image": "./assets/params/images/crud/flags/bv.png",
        "continent": {
            "name": "Antarctica",
            "code": "AN"
        }
    },
    {
        "id": 1023,
        "name": "Brazil",
        "wikipediaLink": "Brazil",
        "isoAlpha2": "BR",
        "isoAlpha3": "BRA",
        "isoNumeric": "076",
        "flag": "br.png",
        "image": "./assets/params/images/crud/flags/br.png",
        "continent": {
            "name": "South America",
            "code": "SA"
        }
    },
    {
        "id": 1024,
        "name": "British Indian Ocean Territory",
        "wikipediaLink": "British_Indian_Ocean_Territory",
        "isoAlpha2": "IO",
        "isoAlpha3": "IOT",
        "isoNumeric": "086",
        "flag": "io.png",
        "image": "./assets/params/images/crud/flags/io.png",
        "continent": {
            "name": "Asia",
            "code": "AS"
        }
    },
    {
        "id": 1025,
        "name": "Brunei Darussalam",
        "wikipediaLink": "Brunei_Darussalam",
        "isoAlpha2": "BN",
        "isoAlpha3": "BRN",
        "isoNumeric": "096",
        "flag": "bn.png",
        "image": "./assets/params/images/crud/flags/bn.png",
        "continent": {
            "name": "Asia",
            "code": "AS"
        }
    },
    {
        "id": 1026,
        "name": "Bulgaria",
        "wikipediaLink": "Bulgaria",
        "isoAlpha2": "BG",
        "isoAlpha3": "BGR",
        "isoNumeric": "100",
        "flag": "bg.png",
        "image": "./assets/params/images/crud/flags/bg.png",
        "continent": {
            "name": "Europe",
            "code": "EU"
        }
    },
    {
        "id": 1027,
        "name": "Burkina Faso",
        "wikipediaLink": "Burkina_Faso",
        "isoAlpha2": "BF",
        "isoAlpha3": "BFA",
        "isoNumeric": "854",
        "flag": "bf.png",
        "image": "./assets/params/images/crud/flags/bf.png",
        "continent": {
            "name": "Africa",
            "code": "AF"
        }
    },
    {
        "id": 1028,
        "name": "Burundi",
        "wikipediaLink": "Burundi",
        "isoAlpha2": "BI",
        "isoAlpha3": "BDI",
        "isoNumeric": "108",
        "flag": "bi.png",
        "image": "./assets/params/images/crud/flags/bi.png",
        "continent": {
            "name": "Africa",
            "code": "AF"
        }
    },
    {
        "id": 1032,
        "name": "Cabo Verde",
        "wikipediaLink": "Cabo_Verde",
        "isoAlpha2": "CV",
        "isoAlpha3": "CPV",
        "isoNumeric": "132",
        "flag": "cv.png",
        "image": "./assets/params/images/crud/flags/cv.png",
        "continent": {
            "name": "Africa",
            "code": "AF"
        }
    },
    {
        "id": 1029,
        "name": "Cambodia",
        "wikipediaLink": "Cambodia",
        "isoAlpha2": "KH",
        "isoAlpha3": "KHM",
        "isoNumeric": "116",
        "flag": "kh.png",
        "image": "./assets/params/images/crud/flags/kh.png",
        "continent": {
            "name": "Asia",
            "code": "AS"
        }
    },
    {
        "id": 1030,
        "name": "Cameroon",
        "wikipediaLink": "Cameroon",
        "isoAlpha2": "CM",
        "isoAlpha3": "CMR",
        "isoNumeric": "120",
        "flag": "cm.png",
        "image": "./assets/params/images/crud/flags/cm.png",
        "continent": {
            "name": "Africa",
            "code": "AF"
        }
    },
    {
        "id": 1031,
        "name": "Canada",
        "wikipediaLink": "Canada",
        "isoAlpha2": "CA",
        "isoAlpha3": "CAN",
        "isoNumeric": "124",
        "flag": "ca.png",
        "image": "./assets/params/images/crud/flags/ca.png",
        "continent": {
            "name": "North America",
            "code": "NA"
        }
    },
    {
        "id": 1033,
        "name": "Cayman Islands",
        "wikipediaLink": "Cayman_Islands",
        "isoAlpha2": "KY",
        "isoAlpha3": "CYM",
        "isoNumeric": "136",
        "flag": "ky.png",
        "image": "./assets/params/images/crud/flags/ky.png",
        "continent": {
            "name": "North America",
            "code": "NA"
        }
    },
    {
        "id": 1034,
        "name": "Central African Republic",
        "wikipediaLink": "Central_African_Republic",
        "isoAlpha2": "CF",
        "isoAlpha3": "CAF",
        "isoNumeric": "140",
        "flag": "cf.png",
        "image": "./assets/params/images/crud/flags/cf.png",
        "continent": {
            "name": "Africa",
            "code": "AF"
        }
    },
    {
        "id": 1035,
        "name": "Chad",
        "wikipediaLink": "Chad",
        "isoAlpha2": "TD",
        "isoAlpha3": "TCD",
        "isoNumeric": "148",
        "flag": "td.png",
        "image": "./assets/params/images/crud/flags/td.png",
        "continent": {
            "name": "Africa",
            "code": "AF"
        }
    },
    {
        "id": 1036,
        "name": "Chile",
        "wikipediaLink": "Chile",
        "isoAlpha2": "CL",
        "isoAlpha3": "CHL",
        "isoNumeric": "152",
        "flag": "cl.png",
        "image": "./assets/params/images/crud/flags/cl.png",
        "continent": {
            "name": "South America",
            "code": "SA"
        }
    },
    {
        "id": 1038,
        "name": "China",
        "wikipediaLink": "China",
        "isoAlpha2": "CN",
        "isoAlpha3": "CHN",
        "isoNumeric": "156",
        "flag": "cn.png",
        "image": "./assets/params/images/crud/flags/cn.png",
        "continent": {
            "name": "Asia",
            "code": "AS"
        }
    },
    {
        "id": 1039,
        "name": "Christmas Island",
        "wikipediaLink": "Christmas_Island",
        "isoAlpha2": "CX",
        "isoAlpha3": "CXR",
        "isoNumeric": "162",
        "flag": "cx.png",
        "image": "./assets/params/images/crud/flags/cx.png",
        "continent": {
            "name": "Australia",
            "code": "OC"
        }
    },
    {
        "id": 1040,
        "name": "Cocos (Keeling) Islands",
        "wikipediaLink": "Cocos (Keeling) Islands",
        "isoAlpha2": "CC",
        "isoAlpha3": "CCK",
        "isoNumeric": "166",
        "flag": "cc.png",
        "image": "./assets/params/images/crud/flags/cc.png",
        "continent": {
            "name": "Asia",
            "code": "AS"
        }
    },
    {
        "id": 1041,
        "name": "Colombia",
        "wikipediaLink": "Colombia",
        "isoAlpha2": "CO",
        "isoAlpha3": "COL",
        "isoNumeric": "170",
        "flag": "co.png",
        "image": "./assets/params/images/crud/flags/co.png",
        "continent": {
            "name": "South America",
            "code": "SA"
        }
    },
    {
        "id": 1042,
        "name": "Comoros",
        "wikipediaLink": "Comoros",
        "isoAlpha2": "KM",
        "isoAlpha3": "COM",
        "isoNumeric": "174",
        "flag": "km.png",
        "image": "./assets/params/images/crud/flags/km.png",
        "continent": {
            "name": "Africa",
            "code": "AF"
        }
    },
    {
        "id": 1043,
        "name": "Congo",
        "wikipediaLink": "Congo",
        "isoAlpha2": "CG",
        "isoAlpha3": "COG",
        "isoNumeric": "178",
        "flag": "cg.png",
        "image": "./assets/params/images/crud/flags/cg.png",
        "continent": {
            "name": "Africa",
            "code": "AF"
        }
    },
    {
        "id": 1044,
        "name": "Congo (Democratic Republic of the)",
        "wikipediaLink": "Congo (Democratic Republic of the)",
        "isoAlpha2": "CD",
        "isoAlpha3": "COD",
        "isoNumeric": "180",
        "flag": "cd.png",
        "image": "./assets/params/images/crud/flags/cd.png",
        "continent": {
            "name": "Africa",
            "code": "AF"
        }
    },
    {
        "id": 1045,
        "name": "Cook Islands",
        "wikipediaLink": "Cook Islands",
        "isoAlpha2": "CK",
        "isoAlpha3": "COK",
        "isoNumeric": "184",
        "flag": "ck.png",
        "image": "./assets/params/images/crud/flags/ck.png",
        "continent": {
            "name": "Australia",
            "code": "OC"
        }
    },
    {
        "id": 1046,
        "name": "Costa Rica",
        "wikipediaLink": "Costa Rica",
        "isoAlpha2": "CR",
        "isoAlpha3": "CRI",
        "isoNumeric": "188",
        "flag": "cr.png",
        "image": "./assets/params/images/crud/flags/cr.png",
        "continent": {
            "name": "North America",
            "code": "NA"
        }
    },
    {
        "id": 1047,
        "name": "Côte d'Ivoire",
        "wikipediaLink": "Côte d'Ivoire",
        "isoAlpha2": "CI",
        "isoAlpha3": "CIV",
        "isoNumeric": "384",
        "flag": "ci.png",
        "image": "./assets/params/images/crud/flags/ci.png",
        "continent": {
            "name": "Africa",
            "code": "AF"
        }
    },
    {
        "id": 1048,
        "name": "Croatia",
        "wikipediaLink": "Croatia",
        "isoAlpha2": "HR",
        "isoAlpha3": "HRV",
        "isoNumeric": "191",
        "flag": "hr.png",
        "image": "./assets/params/images/crud/flags/hr.png",
        "continent": {
            "name": "Europe",
            "code": "EU"
        }
    },
    {
        "id": 1049,
        "name": "Cuba",
        "wikipediaLink": "Cuba",
        "isoAlpha2": "CU",
        "isoAlpha3": "CUB",
        "isoNumeric": "192",
        "flag": "cu.png",
        "image": "./assets/params/images/crud/flags/cu.png",
        "continent": {
            "name": "North America",
            "code": "NA"
        }
    },
    {
        "id": 1050,
        "name": "Curaçao",
        "wikipediaLink": "Curaçao",
        "isoAlpha2": "CW",
        "isoAlpha3": "CUW",
        "isoNumeric": "531",
        "flag": "cw.png",
        "image": "./assets/params/images/crud/flags/cw.png",
        "continent": {
            "name": "North America",
            "code": "NA"
        }
    },
    {
        "id": 1051,
        "name": "Cyprus",
        "wikipediaLink": "Cyprus",
        "isoAlpha2": "CY",
        "isoAlpha3": "CYP",
        "isoNumeric": "196",
        "flag": "cy.png",
        "image": "./assets/params/images/crud/flags/cy.png",
        "continent": {
            "name": "Europe",
            "code": "EU"
        }
    },
    {
        "id": 1052,
        "name": "Czech Republic",
        "wikipediaLink": "Czech Republic",
        "isoAlpha2": "CZ",
        "isoAlpha3": "CZE",
        "isoNumeric": "203",
        "flag": "cz.png",
        "image": "./assets/params/images/crud/flags/cz.png",
        "continent": {
            "name": "Europe",
            "code": "EU"
        }
    },
    {
        "id": 1053,
        "name": "Denmark",
        "wikipediaLink": "Denmark",
        "isoAlpha2": "DK",
        "isoAlpha3": "DNK",
        "isoNumeric": "208",
        "flag": "dk.png",
        "image": "./assets/params/images/crud/flags/dk.png",
        "continent": {
            "name": "Europe",
            "code": "EU"
        }
    },
    {
        "id": 1054,
        "name": "Djibouti",
        "wikipediaLink": "Djibouti",
        "isoAlpha2": "DJ",
        "isoAlpha3": "DJI",
        "isoNumeric": "262",
        "flag": "dj.png",
        "image": "./assets/params/images/crud/flags/dj.png",
        "continent": {
            "name": "Africa",
            "code": "AF"
        }
    },
    {
        "id": 1055,
        "name": "Dominica",
        "wikipediaLink": "Dominica",
        "isoAlpha2": "DM",
        "isoAlpha3": "DMA",
        "isoNumeric": "212",
        "flag": "dm.png",
        "image": "./assets/params/images/crud/flags/dm.png",
        "continent": {
            "name": "North America",
            "code": "NA"
        }
    },
    {
        "id": 1056,
        "name": "Dominican Republic",
        "wikipediaLink": "Dominican Republic",
        "isoAlpha2": "DO",
        "isoAlpha3": "DOM",
        "isoNumeric": "214",
        "flag": "do.png",
        "image": "./assets/params/images/crud/flags/do.png",
        "continent": {
            "name": "North America",
            "code": "NA"
        }
    },
    {
        "id": 1058,
        "name": "Ecuador",
        "wikipediaLink": "Ecuador",
        "isoAlpha2": "EC",
        "isoAlpha3": "ECU",
        "isoNumeric": "218",
        "flag": "ec.png",
        "image": "./assets/params/images/crud/flags/ec.png",
        "continent": {
            "name": "South America",
            "code": "SA"
        }
    },
    {
        "id": 1059,
        "name": "Egypt",
        "wikipediaLink": "Egypt",
        "isoAlpha2": "EG",
        "isoAlpha3": "EGY",
        "isoNumeric": "818",
        "flag": "eg.png",
        "image": "./assets/params/images/crud/flags/eg.png",
        "continent": {
            "name": "Africa",
            "code": "AF"
        }
    },
    {
        "id": 1060,
        "name": "El Salvador",
        "wikipediaLink": "El Salvador",
        "isoAlpha2": "SV",
        "isoAlpha3": "SLV",
        "isoNumeric": "222",
        "flag": "sv.png",
        "image": "./assets/params/images/crud/flags/sv.png",
        "continent": {
            "name": "North America",
            "code": "NA"
        }
    },
    {
        "id": 1061,
        "name": "Equatorial Guinea",
        "wikipediaLink": "Equatorial Guinea",
        "isoAlpha2": "GQ",
        "isoAlpha3": "GNQ",
        "isoNumeric": "226",
        "flag": "gq.png",
        "image": "./assets/params/images/crud/flags/gq.png",
        "continent": {
            "name": "Africa",
            "code": "AF"
        }
    },
    {
        "id": 1062,
        "name": "Eritrea",
        "wikipediaLink": "Eritrea",
        "isoAlpha2": "ER",
        "isoAlpha3": "ERI",
        "isoNumeric": "232",
        "flag": "er.png",
        "image": "./assets/params/images/crud/flags/er.png",
        "continent": {
            "name": "Africa",
            "code": "AF"
        }
    },
    {
        "id": 1063,
        "name": "Estonia",
        "wikipediaLink": "Estonia",
        "isoAlpha2": "EE",
        "isoAlpha3": "EST",
        "isoNumeric": "233",
        "flag": "ee.png",
        "image": "./assets/params/images/crud/flags/ee.png",
        "continent": {
            "name": "Europe",
            "code": "EU"
        }
    },
    {
        "id": 1064,
        "name": "Ethiopia",
        "wikipediaLink": "Ethiopia",
        "isoAlpha2": "ET",
        "isoAlpha3": "ETH",
        "isoNumeric": "231",
        "flag": "et.png",
        "image": "./assets/params/images/crud/flags/et.png",
        "continent": {
            "name": "Africa",
            "code": "AF"
        }
    },
    {
        "id": 1065,
        "name": "Falkland Islands (Malvinas)",
        "wikipediaLink": "Falkland Islands (Malvinas)",
        "isoAlpha2": "FK",
        "isoAlpha3": "FLK",
        "isoNumeric": "238",
        "flag": "fk.png",
        "image": "./assets/params/images/crud/flags/fk.png",
        "continent": {
            "name": "South America",
            "code": "SA"
        }
    },
    {
        "id": 1066,
        "name": "Faroe Islands",
        "wikipediaLink": "Faroe Islands",
        "isoAlpha2": "FO",
        "isoAlpha3": "FRO",
        "isoNumeric": "234",
        "flag": "fo.png",
        "image": "./assets/params/images/crud/flags/fo.png",
        "continent": {
            "name": "Europe",
            "code": "EU"
        }
    },
    {
        "id": 1067,
        "name": "Fiji",
        "wikipediaLink": "Fiji",
        "isoAlpha2": "FJ",
        "isoAlpha3": "FJI",
        "isoNumeric": "242",
        "flag": "fj.png",
        "image": "./assets/params/images/crud/flags/fj.png",
        "continent": {
            "name": "Australia",
            "code": "OC"
        }
    },
    {
        "id": 1068,
        "name": "Finland",
        "wikipediaLink": "Finland",
        "isoAlpha2": "FI",
        "isoAlpha3": "FIN",
        "isoNumeric": "246",
        "flag": "fi.png",
        "image": "./assets/params/images/crud/flags/fi.png",
        "continent": {
            "name": "Europe",
            "code": "EU"
        }
    },
    {
        "id": 1069,
        "name": "France",
        "wikipediaLink": "France",
        "isoAlpha2": "FR",
        "isoAlpha3": "FRA",
        "isoNumeric": "250",
        "flag": "fr.png",
        "image": "./assets/params/images/crud/flags/fr.png",
        "continent": {
            "name": "Europe",
            "code": "EU"
        }
    },
    {
        "id": 1070,
        "name": "French Guiana",
        "wikipediaLink": "French Guiana",
        "isoAlpha2": "GF",
        "isoAlpha3": "GUF",
        "isoNumeric": "254",
        "flag": "gf.png",
        "image": "./assets/params/images/crud/flags/gf.png",
        "continent": {
            "name": "Africa",
            "code": "AF"
        }
    },
    {
        "id": 1072,
        "name": "French Polynesia",
        "wikipediaLink": "French Polynesia",
        "isoAlpha2": "PF",
        "isoAlpha3": "PYF",
        "isoNumeric": "258",
        "flag": "pf.png",
        "image": "./assets/params/images/crud/flags/pf.png",
        "continent": {
            "name": "Australia",
            "code": "OC"
        }
    },
    {
        "id": 1073,
        "name": "French Southern Territories",
        "wikipediaLink": "French Southern Territories",
        "isoAlpha2": "TF",
        "isoAlpha3": "ATF",
        "isoNumeric": "260",
        "flag": "tf.png",
        "image": "./assets/params/images/crud/flags/tf.png",
        "continent": {
            "name": "Antarctica",
            "code": "AN"
        }
    },
    {
        "id": 1074,
        "name": "Gabon",
        "wikipediaLink": "Gabon",
        "isoAlpha2": "GA",
        "isoAlpha3": "GAB",
        "isoNumeric": "266",
        "flag": "ga.png",
        "image": "./assets/params/images/crud/flags/ga.png",
        "continent": {
            "name": "Africa",
            "code": "AF"
        }
    },
    {
        "id": 1075,
        "name": "Gambia",
        "wikipediaLink": "Gambia",
        "isoAlpha2": "GM",
        "isoAlpha3": "GMB",
        "isoNumeric": "270",
        "flag": "gm.png",
        "image": "./assets/params/images/crud/flags/gm.png",
        "continent": {
            "name": "Africa",
            "code": "AF"
        }
    },
    {
        "id": 1077,
        "name": "Georgia",
        "wikipediaLink": "Georgia_(country)",
        "isoAlpha2": "GE",
        "isoAlpha3": "GEO",
        "isoNumeric": "268",
        "flag": "ge.png",
        "image": "./assets/params/images/crud/flags/ge.png",
        "continent": {
            "name": "Asia",
            "code": "AS"
        }
    },
    {
        "id": 1078,
        "name": "Germany",
        "wikipediaLink": "Germany",
        "isoAlpha2": "DE",
        "isoAlpha3": "DEU",
        "isoNumeric": "276",
        "flag": "de.png",
        "image": "./assets/params/images/crud/flags/de.png",
        "continent": {
            "name": "Europe",
            "code": "EU"
        }
    },
    {
        "id": 1079,
        "name": "Ghana",
        "wikipediaLink": "Ghana",
        "isoAlpha2": "GH",
        "isoAlpha3": "GHA",
        "isoNumeric": "288",
        "flag": "gh.png",
        "image": "./assets/params/images/crud/flags/gh.png",
        "continent": {
            "name": "Africa",
            "code": "AF"
        }
    },
    {
        "id": 1080,
        "name": "Gibraltar",
        "wikipediaLink": "Gibraltar",
        "isoAlpha2": "GI",
        "isoAlpha3": "GIB",
        "isoNumeric": "292",
        "flag": "gi.png",
        "image": "./assets/params/images/crud/flags/gi.png",
        "continent": {
            "name": "Europe",
            "code": "EU"
        }
    },
    {
        "id": 1081,
        "name": "Greece",
        "wikipediaLink": "Greece",
        "isoAlpha2": "GR",
        "isoAlpha3": "GRC",
        "isoNumeric": "300",
        "flag": "gr.png",
        "image": "./assets/params/images/crud/flags/gr.png",
        "continent": {
            "name": "Europe",
            "code": "EU"
        }
    },
    {
        "id": 1082,
        "name": "Greenland",
        "wikipediaLink": "Greenland",
        "isoAlpha2": "GL",
        "isoAlpha3": "GRL",
        "isoNumeric": "304",
        "flag": "gl.png",
        "image": "./assets/params/images/crud/flags/gl.png",
        "continent": {
            "name": "North America",
            "code": "NA"
        }
    },
    {
        "id": 1083,
        "name": "Grenada",
        "wikipediaLink": "Grenada",
        "isoAlpha2": "GD",
        "isoAlpha3": "GRD",
        "isoNumeric": "308",
        "flag": "gd.png",
        "image": "./assets/params/images/crud/flags/gd.png",
        "continent": {
            "name": "North America",
            "code": "NA"
        }
    },
    {
        "id": 1084,
        "name": "Guadeloupe",
        "wikipediaLink": "Guadeloupe",
        "isoAlpha2": "GP",
        "isoAlpha3": "GLP",
        "isoNumeric": "312",
        "flag": "gp.png",
        "image": "./assets/params/images/crud/flags/gp.png",
        "continent": {
            "name": "North America",
            "code": "NA"
        }
    },
    {
        "id": 1085,
        "name": "Guam",
        "wikipediaLink": "Guam",
        "isoAlpha2": "GU",
        "isoAlpha3": "GUM",
        "isoNumeric": "316",
        "flag": "gu.png",
        "image": "./assets/params/images/crud/flags/gu.png",
        "continent": {
            "name": "Australia",
            "code": "OC"
        }
    },
    {
        "id": 1086,
        "name": "Guatemala",
        "wikipediaLink": "Guatemala",
        "isoAlpha2": "GT",
        "isoAlpha3": "GTM",
        "isoNumeric": "320",
        "flag": "gt.png",
        "image": "./assets/params/images/crud/flags/gt.png",
        "continent": {
            "name": "North America",
            "code": "NA"
        }
    },
    {
        "id": 1087,
        "name": "Guernsey",
        "wikipediaLink": "Guernsey",
        "isoAlpha2": "GG",
        "isoAlpha3": "GGY",
        "isoNumeric": "831",
        "flag": "gg.png",
        "image": "./assets/params/images/crud/flags/gg.png",
        "continent": {
            "name": "Europe",
            "code": "EU"
        }
    },
    {
        "id": 1088,
        "name": "Guinea",
        "wikipediaLink": "Guinea",
        "isoAlpha2": "GN",
        "isoAlpha3": "GIN",
        "isoNumeric": "324",
        "flag": "gn.png",
        "image": "./assets/params/images/crud/flags/gn.png",
        "continent": {
            "name": "Africa",
            "code": "AF"
        }
    },
    {
        "id": 1089,
        "name": "Guinea-Bissau",
        "wikipediaLink": "Guinea-Bissau",
        "isoAlpha2": "GW",
        "isoAlpha3": "GNB",
        "isoNumeric": "624",
        "flag": "gw.png",
        "image": "./assets/params/images/crud/flags/gw.png",
        "continent": {
            "name": "Africa",
            "code": "AF"
        }
    },
    {
        "id": 1090,
        "name": "Guyana",
        "wikipediaLink": "Guyana",
        "isoAlpha2": "GY",
        "isoAlpha3": "GUY",
        "isoNumeric": "328",
        "flag": "gy.png",
        "image": "./assets/params/images/crud/flags/gy.png",
        "continent": {
            "name": "South America",
            "code": "SA"
        }
    },
    {
        "id": 1091,
        "name": "Haiti",
        "wikipediaLink": "Haiti",
        "isoAlpha2": "HT",
        "isoAlpha3": "HTI",
        "isoNumeric": "332",
        "flag": "ht.png",
        "image": "./assets/params/images/crud/flags/ht.png",
        "continent": {
            "name": "North America",
            "code": "NA"
        }
    },
    {
        "id": 1093,
        "name": "Heard Island and McDonald Islands",
        "wikipediaLink": "Heard Island and McDonald Islands",
        "isoAlpha2": "HM",
        "isoAlpha3": "HMD",
        "isoNumeric": "334",
        "flag": "hm.png",
        "image": "./assets/params/images/crud/flags/hm.png",
        "continent": {
            "name": "Antarctica",
            "code": "AN"
        }
    },
    {
        "id": 1094,
        "name": "Holy See",
        "wikipediaLink": "Holy See",
        "isoAlpha2": "VA",
        "isoAlpha3": "VAT",
        "isoNumeric": "336",
        "flag": "va.png",
        "image": "./assets/params/images/crud/flags/va.png",
        "continent": {
            "name": "Europe",
            "code": "EU"
        }
    },
    {
        "id": 1096,
        "name": "Honduras",
        "wikipediaLink": "Honduras",
        "isoAlpha2": "HN",
        "isoAlpha3": "HND",
        "isoNumeric": "340",
        "flag": "hn.png",
        "image": "./assets/params/images/crud/flags/hn.png",
        "continent": {
            "name": "North America",
            "code": "NA"
        }
    },
    {
        "id": 1097,
        "name": "Hong Kong",
        "wikipediaLink": "Hong Kong",
        "isoAlpha2": "HK",
        "isoAlpha3": "HKG",
        "isoNumeric": "344",
        "flag": "hk.png",
        "image": "./assets/params/images/crud/flags/hk.png",
        "continent": {
            "name": "Asia",
            "code": "AS"
        }
    },
    {
        "id": 1098,
        "name": "Hungary",
        "wikipediaLink": "Hungary",
        "isoAlpha2": "HU",
        "isoAlpha3": "HUN",
        "isoNumeric": "348",
        "flag": "hu.png",
        "image": "./assets/params/images/crud/flags/hu.png",
        "continent": {
            "name": "Europe",
            "code": "EU"
        }
    },
    {
        "id": 1099,
        "name": "Iceland",
        "wikipediaLink": "Iceland",
        "isoAlpha2": "IS",
        "isoAlpha3": "ISL",
        "isoNumeric": "352",
        "flag": "is.png",
        "image": "./assets/params/images/crud/flags/is.png",
        "continent": {
            "name": "Europe",
            "code": "EU"
        }
    },
    {
        "id": 1100,
        "name": "India",
        "wikipediaLink": "India",
        "isoAlpha2": "IN",
        "isoAlpha3": "IND",
        "isoNumeric": "356",
        "flag": "in.png",
        "image": "./assets/params/images/crud/flags/in.png",
        "continent": {
            "name": "Asia",
            "code": "AS"
        }
    },
    {
        "id": 1101,
        "name": "Indonesia",
        "wikipediaLink": "Indonesia",
        "isoAlpha2": "ID",
        "isoAlpha3": "IDN",
        "isoNumeric": "360",
        "flag": "id.png",
        "image": "./assets/params/images/crud/flags/id.png",
        "continent": {
            "name": "Asia",
            "code": "AS"
        }
    },
    {
        "id": 1102,
        "name": "Iran (Islamic Republic of)",
        "wikipediaLink": "Iran (Islamic Republic of)",
        "isoAlpha2": "IR",
        "isoAlpha3": "IRN",
        "isoNumeric": "364",
        "flag": "ir.png",
        "image": "./assets/params/images/crud/flags/ir.png",
        "continent": {
            "name": "Asia",
            "code": "AS"
        }
    },
    {
        "id": 1103,
        "name": "Iraq",
        "wikipediaLink": "Iraq",
        "isoAlpha2": "IQ",
        "isoAlpha3": "IRQ",
        "isoNumeric": "368",
        "flag": "iq.png",
        "image": "./assets/params/images/crud/flags/iq.png",
        "continent": {
            "name": "Asia",
            "code": "AS"
        }
    },
    {
        "id": 1104,
        "name": "Ireland",
        "wikipediaLink": "Republic_of_Ireland",
        "isoAlpha2": "IE",
        "isoAlpha3": "IRL",
        "isoNumeric": "372",
        "flag": "ie.png",
        "image": "./assets/params/images/crud/flags/ie.png",
        "continent": {
            "name": "Europe",
            "code": "EU"
        }
    },
    {
        "id": 1105,
        "name": "Isle of Man",
        "wikipediaLink": "Isle of Man",
        "isoAlpha2": "IM",
        "isoAlpha3": "IMN",
        "isoNumeric": "833",
        "flag": "im.png",
        "image": "./assets/params/images/crud/flags/im.png",
        "continent": {
            "name": "Europe",
            "code": "EU"
        }
    },
    {
        "id": 1106,
        "name": "Israel",
        "wikipediaLink": "Israel",
        "isoAlpha2": "IL",
        "isoAlpha3": "ISR",
        "isoNumeric": "376",
        "flag": "il.png",
        "image": "./assets/params/images/crud/flags/il.png",
        "continent": {
            "name": "Asia",
            "code": "AS"
        }
    },
    {
        "id": 1107,
        "name": "Italy",
        "wikipediaLink": "Italy",
        "isoAlpha2": "IT",
        "isoAlpha3": "ITA",
        "isoNumeric": "380",
        "flag": "it.png",
        "image": "./assets/params/images/crud/flags/it.png",
        "continent": {
            "name": "Europe",
            "code": "EU"
        }
    },
    {
        "id": 1108,
        "name": "Jamaica",
        "wikipediaLink": "Jamaica",
        "isoAlpha2": "JM",
        "isoAlpha3": "JAM",
        "isoNumeric": "388",
        "flag": "jm.png",
        "image": "./assets/params/images/crud/flags/jm.png",
        "continent": {
            "name": "North America",
            "code": "NA"
        }
    },
    {
        "id": 1109,
        "name": "Japan",
        "wikipediaLink": "Japan",
        "isoAlpha2": "JP",
        "isoAlpha3": "JPN",
        "isoNumeric": "392",
        "flag": "jp.png",
        "image": "./assets/params/images/crud/flags/jp.png",
        "continent": {
            "name": "Asia",
            "code": "AS"
        }
    },
    {
        "id": 1110,
        "name": "Jersey",
        "wikipediaLink": "Jersey",
        "isoAlpha2": "JE",
        "isoAlpha3": "JEY",
        "isoNumeric": "832",
        "flag": "je.png",
        "image": "./assets/params/images/crud/flags/je.png",
        "continent": {
            "name": "Europe",
            "code": "EU"
        }
    },
    {
        "id": 1111,
        "name": "Jordan",
        "wikipediaLink": "Jordan",
        "isoAlpha2": "JO",
        "isoAlpha3": "JOR",
        "isoNumeric": "400",
        "flag": "jo.png",
        "image": "./assets/params/images/crud/flags/jo.png",
        "continent": {
            "name": "Asia",
            "code": "AS"
        }
    },
    {
        "id": 1112,
        "name": "Kazakhstan",
        "wikipediaLink": "Kazakhstan",
        "isoAlpha2": "KZ",
        "isoAlpha3": "KAZ",
        "isoNumeric": "398",
        "flag": "kz.png",
        "image": "./assets/params/images/crud/flags/kz.png",
        "continent": {
            "name": "Asia",
            "code": "AS"
        }
    },
    {
        "id": 1113,
        "name": "Kenya",
        "wikipediaLink": "Kenya",
        "isoAlpha2": "KE",
        "isoAlpha3": "KEN",
        "isoNumeric": "404",
        "flag": "ke.png",
        "image": "./assets/params/images/crud/flags/ke.png",
        "continent": {
            "name": "Africa",
            "code": "AF"
        }
    },
    {
        "id": 1114,
        "name": "Kiribati",
        "wikipediaLink": "Kiribati",
        "isoAlpha2": "KI",
        "isoAlpha3": "KIR",
        "isoNumeric": "296",
        "flag": "ki.png",
        "image": "./assets/params/images/crud/flags/ki.png",
        "continent": {
            "name": "Australia",
            "code": "OC"
        }
    },
    {
        "id": 1115,
        "name": "Korea (Democratic People's Republic of)",
        "wikipediaLink": "North_Korea",
        "isoAlpha2": "KP",
        "isoAlpha3": "PRK",
        "isoNumeric": "408",
        "flag": "kp.png",
        "image": "./assets/params/images/crud/flags/kp.png",
        "continent": {
            "name": "Asia",
            "code": "AS"
        }
    },
    {
        "id": 1116,
        "name": "Korea (Republic of)",
        "wikipediaLink": "South_Korea",
        "isoAlpha2": "KR",
        "isoAlpha3": "KOR",
        "isoNumeric": "410",
        "flag": "kr.png",
        "image": "./assets/params/images/crud/flags/kr.png",
        "continent": {
            "name": "Asia",
            "code": "AS"
        }
    },
    {
        "id": 1117,
        "name": "Kuwait",
        "wikipediaLink": "Kuwait",
        "isoAlpha2": "KW",
        "isoAlpha3": "KWT",
        "isoNumeric": "414",
        "flag": "kw.png",
        "image": "./assets/params/images/crud/flags/kw.png",
        "continent": {
            "name": "Asia",
            "code": "AS"
        }
    },
    {
        "id": 1118,
        "name": "Kyrgyzstan",
        "wikipediaLink": "Kyrgyzstan",
        "isoAlpha2": "KG",
        "isoAlpha3": "KGZ",
        "isoNumeric": "417",
        "flag": "kg.png",
        "image": "./assets/params/images/crud/flags/kg.png",
        "continent": {
            "name": "Asia",
            "code": "AS"
        }
    },
    {
        "id": 1119,
        "name": "Lao People's Democratic Republic",
        "wikipediaLink": "Lao People's Democratic Republic",
        "isoAlpha2": "LA",
        "isoAlpha3": "LAO",
        "isoNumeric": "418",
        "flag": "la.png",
        "image": "./assets/params/images/crud/flags/la.png",
        "continent": {
            "name": "Asia",
            "code": "AS"
        }
    },
    {
        "id": 1120,
        "name": "Latvia",
        "wikipediaLink": "Latvia",
        "isoAlpha2": "LV",
        "isoAlpha3": "LVA",
        "isoNumeric": "428",
        "flag": "lv.png",
        "image": "./assets/params/images/crud/flags/lv.png",
        "continent": {
            "name": "Europe",
            "code": "EU"
        }
    },
    {
        "id": 1121,
        "name": "Lebanon",
        "wikipediaLink": "Lebanon",
        "isoAlpha2": "LB",
        "isoAlpha3": "LBN",
        "isoNumeric": "422",
        "flag": "lb.png",
        "image": "./assets/params/images/crud/flags/lb.png",
        "continent": {
            "name": "Asia",
            "code": "AS"
        }
    },
    {
        "id": 1122,
        "name": "Lesotho",
        "wikipediaLink": "Lesotho",
        "isoAlpha2": "LS",
        "isoAlpha3": "LSO",
        "isoNumeric": "426",
        "flag": "ls.png",
        "image": "./assets/params/images/crud/flags/ls.png",
        "continent": {
            "name": "Africa",
            "code": "AF"
        }
    },
    {
        "id": 1123,
        "name": "Liberia",
        "wikipediaLink": "Liberia",
        "isoAlpha2": "LR",
        "isoAlpha3": "LBR",
        "isoNumeric": "430",
        "flag": "lr.png",
        "image": "./assets/params/images/crud/flags/lr.png",
        "continent": {
            "name": "Africa",
            "code": "AF"
        }
    },
    {
        "id": 1124,
        "name": "Libya",
        "wikipediaLink": "Libya",
        "isoAlpha2": "LY",
        "isoAlpha3": "LBY",
        "isoNumeric": "434",
        "flag": "ly.png",
        "image": "./assets/params/images/crud/flags/ly.png",
        "continent": {
            "name": "Africa",
            "code": "AF"
        }
    },
    {
        "id": 1125,
        "name": "Liechtenstein",
        "wikipediaLink": "Liechtenstein",
        "isoAlpha2": "LI",
        "isoAlpha3": "LIE",
        "isoNumeric": "438",
        "flag": "li.png",
        "image": "./assets/params/images/crud/flags/li.png",
        "continent": {
            "name": "Europe",
            "code": "EU"
        }
    },
    {
        "id": 1126,
        "name": "Lithuania",
        "wikipediaLink": "Lithuania",
        "isoAlpha2": "LT",
        "isoAlpha3": "LTU",
        "isoNumeric": "440",
        "flag": "lt.png",
        "image": "./assets/params/images/crud/flags/lt.png",
        "continent": {
            "name": "Europe",
            "code": "EU"
        }
    },
    {
        "id": 1127,
        "name": "Luxembourg",
        "wikipediaLink": "Luxembourg",
        "isoAlpha2": "LU",
        "isoAlpha3": "LUX",
        "isoNumeric": "442",
        "flag": "lu.png",
        "image": "./assets/params/images/crud/flags/lu.png",
        "continent": {
            "name": "Europe",
            "code": "EU"
        }
    },
    {
        "id": 1128,
        "name": "Macao",
        "wikipediaLink": "Macao",
        "isoAlpha2": "MO",
        "isoAlpha3": "MAC",
        "isoNumeric": "446",
        "flag": "mo.png",
        "image": "./assets/params/images/crud/flags/mo.png",
        "continent": {
            "name": "Asia",
            "code": "AS"
        }
    },
    {
        "id": 1129,
        "name": "Macedonia (the former Yugoslav Republic of)",
        "wikipediaLink": "North_Macedonia",
        "isoAlpha2": "MK",
        "isoAlpha3": "MKD",
        "isoNumeric": "807",
        "flag": "mk.png",
        "image": "./assets/params/images/crud/flags/mk.png",
        "continent": {
            "name": "Europe",
            "code": "EU"
        }
    },
    {
        "id": 1130,
        "name": "Madagascar",
        "wikipediaLink": "Madagascar",
        "isoAlpha2": "MG",
        "isoAlpha3": "MDG",
        "isoNumeric": "450",
        "flag": "mg.png",
        "image": "./assets/params/images/crud/flags/mg.png",
        "continent": {
            "name": "Africa",
            "code": "AF"
        }
    },
    {
        "id": 1131,
        "name": "Malawi",
        "wikipediaLink": "Malawi",
        "isoAlpha2": "MW",
        "isoAlpha3": "MWI",
        "isoNumeric": "454",
        "flag": "mw.png",
        "image": "./assets/params/images/crud/flags/mw.png",
        "continent": {
            "name": "Africa",
            "code": "AF"
        }
    },
    {
        "id": 1132,
        "name": "Malaysia",
        "wikipediaLink": "Malaysia",
        "isoAlpha2": "MY",
        "isoAlpha3": "MYS",
        "isoNumeric": "458",
        "flag": "my.png",
        "image": "./assets/params/images/crud/flags/my.png",
        "continent": {
            "name": "Asia",
            "code": "AS"
        }
    },
    {
        "id": 1133,
        "name": "Maldives",
        "wikipediaLink": "Maldives",
        "isoAlpha2": "MV",
        "isoAlpha3": "MDV",
        "isoNumeric": "462",
        "flag": "mv.png",
        "image": "./assets/params/images/crud/flags/mv.png",
        "continent": {
            "name": "Asia",
            "code": "AS"
        }
    },
    {
        "id": 1134,
        "name": "Mali",
        "wikipediaLink": "Mali",
        "isoAlpha2": "ML",
        "isoAlpha3": "MLI",
        "isoNumeric": "466",
        "flag": "ml.png",
        "image": "./assets/params/images/crud/flags/ml.png",
        "continent": {
            "name": "Africa",
            "code": "AF"
        }
    },
    {
        "id": 1135,
        "name": "Malta",
        "wikipediaLink": "Malta",
        "isoAlpha2": "MT",
        "isoAlpha3": "MLT",
        "isoNumeric": "470",
        "flag": "mt.png",
        "image": "./assets/params/images/crud/flags/mt.png",
        "continent": {
            "name": "Europe",
            "code": "EU"
        }
    },
    {
        "id": 1136,
        "name": "Marshall Islands",
        "wikipediaLink": "Marshall Islands",
        "isoAlpha2": "MH",
        "isoAlpha3": "MHL",
        "isoNumeric": "584",
        "flag": "mh.png",
        "image": "./assets/params/images/crud/flags/mh.png",
        "continent": {
            "name": "Australia",
            "code": "OC"
        }
    },
    {
        "id": 1137,
        "name": "Martinique",
        "wikipediaLink": "Martinique",
        "isoAlpha2": "MQ",
        "isoAlpha3": "MTQ",
        "isoNumeric": "474",
        "flag": "mq.png",
        "image": "./assets/params/images/crud/flags/mq.png",
        "continent": {
            "name": "North America",
            "code": "NA"
        }
    },
    {
        "id": 1138,
        "name": "Mauritania",
        "wikipediaLink": "Mauritania",
        "isoAlpha2": "MR",
        "isoAlpha3": "MRT",
        "isoNumeric": "478",
        "flag": "mr.png",
        "image": "./assets/params/images/crud/flags/mr.png",
        "continent": {
            "name": "Africa",
            "code": "AF"
        }
    },
    {
        "id": 1139,
        "name": "Mauritius",
        "wikipediaLink": "Mauritius",
        "isoAlpha2": "MU",
        "isoAlpha3": "MUS",
        "isoNumeric": "480",
        "flag": "mu.png",
        "image": "./assets/params/images/crud/flags/mu.png",
        "continent": {
            "name": "Africa",
            "code": "AF"
        }
    },
    {
        "id": 1140,
        "name": "Mayotte",
        "wikipediaLink": "Mayotte",
        "isoAlpha2": "YT",
        "isoAlpha3": "MYT",
        "isoNumeric": "175",
        "flag": "yt.png",
        "image": "./assets/params/images/crud/flags/yt.png",
        "continent": {
            "name": "Africa",
            "code": "AF"
        }
    },
    {
        "id": 1141,
        "name": "Mexico",
        "wikipediaLink": "Mexico",
        "isoAlpha2": "MX",
        "isoAlpha3": "MEX",
        "isoNumeric": "484",
        "flag": "mx.png",
        "image": "./assets/params/images/crud/flags/mx.png",
        "continent": {
            "name": "North America",
            "code": "NA"
        }
    },
    {
        "id": 1142,
        "name": "Micronesia (Federated States of)",
        "wikipediaLink": "Micronesia (Federated States of)",
        "isoAlpha2": "FM",
        "isoAlpha3": "FSM",
        "isoNumeric": "583",
        "flag": "fm.png",
        "image": "./assets/params/images/crud/flags/fm.png",
        "continent": {
            "name": "Australia",
            "code": "OC"
        }
    },
    {
        "id": 1143,
        "name": "Moldova (Republic of)",
        "wikipediaLink": "Moldova (Republic of)",
        "isoAlpha2": "MD",
        "isoAlpha3": "MDA",
        "isoNumeric": "498",
        "flag": "md.png",
        "image": "./assets/params/images/crud/flags/md.png",
        "continent": {
            "name": "Europe",
            "code": "EU"
        }
    },
    {
        "id": 1144,
        "name": "Monaco",
        "wikipediaLink": "Monaco",
        "isoAlpha2": "MC",
        "isoAlpha3": "MCO",
        "isoNumeric": "492",
        "flag": "mc.png",
        "image": "./assets/params/images/crud/flags/mc.png",
        "continent": {
            "name": "Europe",
            "code": "EU"
        }
    },
    {
        "id": 1145,
        "name": "Mongolia",
        "wikipediaLink": "Mongolia",
        "isoAlpha2": "MN",
        "isoAlpha3": "MNG",
        "isoNumeric": "496",
        "flag": "mn.png",
        "image": "./assets/params/images/crud/flags/mn.png",
        "continent": {
            "name": "Asia",
            "code": "AS"
        }
    },
    {
        "id": 1146,
        "name": "Montenegro",
        "wikipediaLink": "Montenegro",
        "isoAlpha2": "ME",
        "isoAlpha3": "MNE",
        "isoNumeric": "499",
        "flag": "me.png",
        "image": "./assets/params/images/crud/flags/me.png",
        "continent": {
            "name": "Europe",
            "code": "EU"
        }
    },
    {
        "id": 1147,
        "name": "Montserrat",
        "wikipediaLink": "Montserrat",
        "isoAlpha2": "MS",
        "isoAlpha3": "MSR",
        "isoNumeric": "500",
        "flag": "ms.png",
        "image": "./assets/params/images/crud/flags/ms.png",
        "continent": {
            "name": "North America",
            "code": "NA"
        }
    },
    {
        "id": 1148,
        "name": "Morocco",
        "wikipediaLink": "Morocco",
        "isoAlpha2": "MA",
        "isoAlpha3": "MAR",
        "isoNumeric": "504",
        "flag": "ma.png",
        "image": "./assets/params/images/crud/flags/ma.png",
        "continent": {
            "name": "Africa",
            "code": "AF"
        }
    },
    {
        "id": 1149,
        "name": "Mozambique",
        "wikipediaLink": "Mozambique",
        "isoAlpha2": "MZ",
        "isoAlpha3": "MOZ",
        "isoNumeric": "508",
        "flag": "mz.png",
        "image": "./assets/params/images/crud/flags/mz.png",
        "continent": {
            "name": "Africa",
            "code": "AF"
        }
    },
    {
        "id": 1150,
        "name": "Myanmar",
        "wikipediaLink": "Myanmar",
        "isoAlpha2": "MM",
        "isoAlpha3": "MMR",
        "isoNumeric": "104",
        "flag": "mm.png",
        "image": "./assets/params/images/crud/flags/mm.png",
        "continent": {
            "name": "Asia",
            "code": "AS"
        }
    },
    {
        "id": 1151,
        "name": "Namibia",
        "wikipediaLink": "Namibia",
        "isoAlpha2": "NA",
        "isoAlpha3": "NAM",
        "isoNumeric": "516",
        "flag": "na.png",
        "image": "./assets/params/images/crud/flags/na.png",
        "continent": {
            "name": "Africa",
            "code": "AF"
        }
    },
    {
        "id": 1152,
        "name": "Nauru",
        "wikipediaLink": "Nauru",
        "isoAlpha2": "NR",
        "isoAlpha3": "NRU",
        "isoNumeric": "520",
        "flag": "nr.png",
        "image": "./assets/params/images/crud/flags/nr.png",
        "continent": {
            "name": "Australia",
            "code": "OC"
        }
    },
    {
        "id": 1153,
        "name": "Nepal",
        "wikipediaLink": "Nepal",
        "isoAlpha2": "NP",
        "isoAlpha3": "NPL",
        "isoNumeric": "524",
        "flag": "np.png",
        "image": "./assets/params/images/crud/flags/np.png",
        "continent": {
            "name": "Asia",
            "code": "AS"
        }
    },
    {
        "id": 1154,
        "name": "Netherlands",
        "wikipediaLink": "Netherlands",
        "isoAlpha2": "NL",
        "isoAlpha3": "NLD",
        "isoNumeric": "528",
        "flag": "nl.png",
        "image": "./assets/params/images/crud/flags/nl.png",
        "continent": {
            "name": "Europe",
            "code": "EU"
        }
    },
    {
        "id": 1155,
        "name": "New Caledonia",
        "wikipediaLink": "New Caledonia",
        "isoAlpha2": "NC",
        "isoAlpha3": "NCL",
        "isoNumeric": "540",
        "flag": "nc.png",
        "image": "./assets/params/images/crud/flags/nc.png",
        "continent": {
            "name": "Australia",
            "code": "OC"
        }
    },
    {
        "id": 1156,
        "name": "New Zealand",
        "wikipediaLink": "New Zealand",
        "isoAlpha2": "NZ",
        "isoAlpha3": "NZL",
        "isoNumeric": "554",
        "flag": "nz.png",
        "image": "./assets/params/images/crud/flags/nz.png",
        "continent": {
            "name": "Australia",
            "code": "OC"
        }
    },
    {
        "id": 1157,
        "name": "Nicaragua",
        "wikipediaLink": "Nicaragua",
        "isoAlpha2": "NI",
        "isoAlpha3": "NIC",
        "isoNumeric": "558",
        "flag": "ni.png",
        "image": "./assets/params/images/crud/flags/ni.png",
        "continent": {
            "name": "North America",
            "code": "NA"
        }
    },
    {
        "id": 1158,
        "name": "Niger",
        "wikipediaLink": "Niger",
        "isoAlpha2": "NE",
        "isoAlpha3": "NER",
        "isoNumeric": "562",
        "flag": "ne.png",
        "image": "./assets/params/images/crud/flags/ne.png",
        "continent": {
            "name": "Africa",
            "code": "AF"
        }
    },
    {
        "id": 1159,
        "name": "Nigeria",
        "wikipediaLink": "Nigeria",
        "isoAlpha2": "NG",
        "isoAlpha3": "NGA",
        "isoNumeric": "566",
        "flag": "ng.png",
        "image": "./assets/params/images/crud/flags/ng.png",
        "continent": {
            "name": "Africa",
            "code": "AF"
        }
    },
    {
        "id": 1160,
        "name": "Niue",
        "wikipediaLink": "Niue",
        "isoAlpha2": "NU",
        "isoAlpha3": "NIU",
        "isoNumeric": "570",
        "flag": "nu.png",
        "image": "./assets/params/images/crud/flags/nu.png",
        "continent": {
            "name": "Australia",
            "code": "OC"
        }
    },
    {
        "id": 1161,
        "name": "Norfolk Island",
        "wikipediaLink": "Norfolk Island",
        "isoAlpha2": "NF",
        "isoAlpha3": "NFK",
        "isoNumeric": "574",
        "flag": "nf.png",
        "image": "./assets/params/images/crud/flags/nf.png",
        "continent": {
            "name": "Australia",
            "code": "OC"
        }
    },
    {
        "id": 1162,
        "name": "Northern Mariana Islands",
        "wikipediaLink": "Northern Mariana Islands",
        "isoAlpha2": "MP",
        "isoAlpha3": "MNP",
        "isoNumeric": "580",
        "flag": "mp.png",
        "image": "./assets/params/images/crud/flags/mp.png",
        "continent": {
            "name": "Australia",
            "code": "OC"
        }
    },
    {
        "id": 1163,
        "name": "Norway",
        "wikipediaLink": "Norway",
        "isoAlpha2": "NO",
        "isoAlpha3": "NOR",
        "isoNumeric": "578",
        "flag": "no.png",
        "image": "./assets/params/images/crud/flags/no.png",
        "continent": {
            "name": "Europe",
            "code": "EU"
        }
    },
    {
        "id": 1164,
        "name": "Oman",
        "wikipediaLink": "Oman",
        "isoAlpha2": "OM",
        "isoAlpha3": "OMN",
        "isoNumeric": "512",
        "flag": "om.png",
        "image": "./assets/params/images/crud/flags/om.png",
        "continent": {
            "name": "Asia",
            "code": "AS"
        }
    },
    {
        "id": 1165,
        "name": "Pakistan",
        "wikipediaLink": "Pakistan",
        "isoAlpha2": "PK",
        "isoAlpha3": "PAK",
        "isoNumeric": "586",
        "flag": "pk.png",
        "image": "./assets/params/images/crud/flags/pk.png",
        "continent": {
            "name": "Asia",
            "code": "AS"
        }
    },
    {
        "id": 1166,
        "name": "Palau",
        "wikipediaLink": "Palau",
        "isoAlpha2": "PW",
        "isoAlpha3": "PLW",
        "isoNumeric": "585",
        "flag": "pw.png",
        "image": "./assets/params/images/crud/flags/pw.png",
        "continent": {
            "name": "Australia",
            "code": "OC"
        }
    },
    {
        "id": 1167,
        "name": "Palestine, State of",
        "wikipediaLink": "Palestine, State of",
        "isoAlpha2": "PS",
        "isoAlpha3": "PSE",
        "isoNumeric": "275",
        "flag": "ps.png",
        "image": "./assets/params/images/crud/flags/ps.png",
        "continent": {
            "name": "Asia",
            "code": "AS"
        }
    },
    {
        "id": 1168,
        "name": "Panama",
        "wikipediaLink": "Panama",
        "isoAlpha2": "PA",
        "isoAlpha3": "PAN",
        "isoNumeric": "591",
        "flag": "pa.png",
        "image": "./assets/params/images/crud/flags/pa.png",
        "continent": {
            "name": "North America",
            "code": "NA"
        }
    },
    {
        "id": 1169,
        "name": "Papua New Guinea",
        "wikipediaLink": "Papua New Guinea",
        "isoAlpha2": "PG",
        "isoAlpha3": "PNG",
        "isoNumeric": "598",
        "flag": "pg.png",
        "image": "./assets/params/images/crud/flags/pg.png",
        "continent": {
            "name": "Australia",
            "code": "OC"
        }
    },
    {
        "id": 1170,
        "name": "Paraguay",
        "wikipediaLink": "Paraguay",
        "isoAlpha2": "PY",
        "isoAlpha3": "PRY",
        "isoNumeric": "600",
        "flag": "py.png",
        "image": "./assets/params/images/crud/flags/py.png",
        "continent": {
            "name": "South America",
            "code": "SA"
        }
    },
    {
        "id": 1171,
        "name": "Peru",
        "wikipediaLink": "Peru",
        "isoAlpha2": "PE",
        "isoAlpha3": "PER",
        "isoNumeric": "604",
        "flag": "pe.png",
        "image": "./assets/params/images/crud/flags/pe.png",
        "continent": {
            "name": "South America",
            "code": "SA"
        }
    },
    {
        "id": 1172,
        "name": "Philippines",
        "wikipediaLink": "Philippines",
        "isoAlpha2": "PH",
        "isoAlpha3": "PHL",
        "isoNumeric": "608",
        "flag": "ph.png",
        "image": "./assets/params/images/crud/flags/ph.png",
        "continent": {
            "name": "Asia",
            "code": "AS"
        }
    },
    {
        "id": 1173,
        "name": "Pitcairn",
        "wikipediaLink": "Pitcairn",
        "isoAlpha2": "PN",
        "isoAlpha3": "PCN",
        "isoNumeric": "612",
        "flag": "pn.png",
        "image": "./assets/params/images/crud/flags/pn.png",
        "continent": {
            "name": "Australia",
            "code": "OC"
        }
    },
    {
        "id": 1174,
        "name": "Poland",
        "wikipediaLink": "Poland",
        "isoAlpha2": "PL",
        "isoAlpha3": "POL",
        "isoNumeric": "616",
        "flag": "pl.png",
        "image": "./assets/params/images/crud/flags/pl.png",
        "continent": {
            "name": "Europe",
            "code": "EU"
        }
    },
    {
        "id": 1175,
        "name": "Portugal",
        "wikipediaLink": "Portugal",
        "isoAlpha2": "PT",
        "isoAlpha3": "PRT",
        "isoNumeric": "620",
        "flag": "pt.png",
        "image": "./assets/params/images/crud/flags/pt.png",
        "continent": {
            "name": "Europe",
            "code": "EU"
        }
    },
    {
        "id": 1176,
        "name": "Puerto Rico",
        "wikipediaLink": "Puerto Rico",
        "isoAlpha2": "PR",
        "isoAlpha3": "PRI",
        "isoNumeric": "630",
        "flag": "pr.png",
        "image": "./assets/params/images/crud/flags/pr.png",
        "continent": {
            "name": "North America",
            "code": "NA"
        }
    },
    {
        "id": 1177,
        "name": "Qatar",
        "wikipediaLink": "Qatar",
        "isoAlpha2": "QA",
        "isoAlpha3": "QAT",
        "isoNumeric": "634",
        "flag": "qa.png",
        "image": "./assets/params/images/crud/flags/qa.png",
        "continent": {
            "name": "Asia",
            "code": "AS"
        }
    },
    {
        "id": 1178,
        "name": "Réunion",
        "wikipediaLink": "Réunion",
        "isoAlpha2": "RE",
        "isoAlpha3": "REU",
        "isoNumeric": "638",
        "flag": "re.png",
        "image": "./assets/params/images/crud/flags/re.png",
        "continent": {
            "name": "Africa",
            "code": "AF"
        }
    },
    {
        "id": 1179,
        "name": "Romania",
        "wikipediaLink": "Romania",
        "isoAlpha2": "RO",
        "isoAlpha3": "ROU",
        "isoNumeric": "642",
        "flag": "ro.png",
        "image": "./assets/params/images/crud/flags/ro.png",
        "continent": {
            "name": "Europe",
            "code": "EU"
        }
    },
    {
        "id": 1180,
        "name": "Russian Federation",
        "wikipediaLink": "Russian Federation",
        "isoAlpha2": "RU",
        "isoAlpha3": "RUS",
        "isoNumeric": "643",
        "flag": "ru.png",
        "image": "./assets/params/images/crud/flags/ru.png",
        "continent": {
            "name": "Europe",
            "code": "EU"
        }
    },
    {
        "id": 1181,
        "name": "Rwanda",
        "wikipediaLink": "Rwanda",
        "isoAlpha2": "RW",
        "isoAlpha3": "RWA",
        "isoNumeric": "646",
        "flag": "rw.png",
        "image": "./assets/params/images/crud/flags/rw.png",
        "continent": {
            "name": "Africa",
            "code": "AF"
        }
    },
    {
        "id": 1182,
        "name": "Saint Barthélemy",
        "wikipediaLink": "Saint Barthélemy",
        "isoAlpha2": "BL",
        "isoAlpha3": "BLM",
        "isoNumeric": "652",
        "flag": "bl.png",
        "image": "./assets/params/images/crud/flags/bl.png",
        "continent": {
            "name": "North America",
            "code": "NA"
        }
    },
    {
        "id": 1183,
        "name": "Saint Helena, Ascension and Tristan da Cunha",
        "wikipediaLink": "Saint Helena, Ascension and Tristan da Cunha",
        "isoAlpha2": "SH",
        "isoAlpha3": "SHN",
        "isoNumeric": "654",
        "flag": "sh.png",
        "image": "./assets/params/images/crud/flags/sh.png",
        "continent": {
            "name": "Africa",
            "code": "AF"
        }
    },
    {
        "id": 1184,
        "name": "Saint Kitts and Nevis",
        "wikipediaLink": "Saint Kitts and Nevis",
        "isoAlpha2": "KN",
        "isoAlpha3": "KNA",
        "isoNumeric": "659",
        "flag": "kn.png",
        "image": "./assets/params/images/crud/flags/kn.png",
        "continent": {
            "name": "North America",
            "code": "NA"
        }
    },
    {
        "id": 1185,
        "name": "Saint Lucia",
        "wikipediaLink": "Saint Lucia",
        "isoAlpha2": "LC",
        "isoAlpha3": "LCA",
        "isoNumeric": "662",
        "flag": "lc.png",
        "image": "./assets/params/images/crud/flags/lc.png",
        "continent": {
            "name": "North America",
            "code": "NA"
        }
    },
    {
        "id": 1186,
        "name": "Saint Martin (French part)",
        "wikipediaLink": "Saint Martin (French part)",
        "isoAlpha2": "MF",
        "isoAlpha3": "MAF",
        "isoNumeric": "663",
        "flag": "mf.png",
        "image": "./assets/params/images/crud/flags/mf.png",
        "continent": {
            "name": "North America",
            "code": "NA"
        }
    },
    {
        "id": 1187,
        "name": "Saint Pierre and Miquelon",
        "wikipediaLink": "Saint Pierre and Miquelon",
        "isoAlpha2": "PM",
        "isoAlpha3": "SPM",
        "isoNumeric": "666",
        "flag": "pm.png",
        "image": "./assets/params/images/crud/flags/pm.png",
        "continent": {
            "name": "North America",
            "code": "NA"
        }
    },
    {
        "id": 1188,
        "name": "Saint Vincent and the Grenadines",
        "wikipediaLink": "Saint Vincent and the Grenadines",
        "isoAlpha2": "VC",
        "isoAlpha3": "VCT",
        "isoNumeric": "670",
        "flag": "vc.png",
        "image": "./assets/params/images/crud/flags/vc.png",
        "continent": {
            "name": "North America",
            "code": "NA"
        }
    },
    {
        "id": 1189,
        "name": "Samoa",
        "wikipediaLink": "Samoa",
        "isoAlpha2": "WS",
        "isoAlpha3": "WSM",
        "isoNumeric": "882",
        "flag": "ws.png",
        "image": "./assets/params/images/crud/flags/ws.png",
        "continent": {
            "name": "Australia",
            "code": "OC"
        }
    },
    {
        "id": 1190,
        "name": "San Marino",
        "wikipediaLink": "San Marino",
        "isoAlpha2": "SM",
        "isoAlpha3": "SMR",
        "isoNumeric": "674",
        "flag": "sm.png",
        "image": "./assets/params/images/crud/flags/sm.png",
        "continent": {
            "name": "Europe",
            "code": "EU"
        }
    },
    {
        "id": 1191,
        "name": "Sao Tome and Principe",
        "wikipediaLink": "Sao Tome and Principe",
        "isoAlpha2": "ST",
        "isoAlpha3": "STP",
        "isoNumeric": "678",
        "flag": "st.png",
        "image": "./assets/params/images/crud/flags/st.png",
        "continent": {
            "name": "Africa",
            "code": "AF"
        }
    },
    {
        "id": 1192,
        "name": "Saudi Arabia",
        "wikipediaLink": "Saudi Arabia",
        "isoAlpha2": "SA",
        "isoAlpha3": "SAU",
        "isoNumeric": "682",
        "flag": "sa.png",
        "image": "./assets/params/images/crud/flags/sa.png",
        "continent": {
            "name": "Asia",
            "code": "AS"
        }
    },
    {
        "id": 1193,
        "name": "Senegal",
        "wikipediaLink": "Senegal",
        "isoAlpha2": "SN",
        "isoAlpha3": "SEN",
        "isoNumeric": "686",
        "flag": "sn.png",
        "image": "./assets/params/images/crud/flags/sn.png",
        "continent": {
            "name": "Africa",
            "code": "AF"
        }
    },
    {
        "id": 1194,
        "name": "Serbia",
        "wikipediaLink": "Serbia",
        "isoAlpha2": "RS",
        "isoAlpha3": "SRB",
        "isoNumeric": "688",
        "flag": "rs.png",
        "image": "./assets/params/images/crud/flags/rs.png",
        "continent": {
            "name": "Europe",
            "code": "EU"
        }
    },
    {
        "id": 1195,
        "name": "Seychelles",
        "wikipediaLink": "Seychelles",
        "isoAlpha2": "SC",
        "isoAlpha3": "SYC",
        "isoNumeric": "690",
        "flag": "sc.png",
        "image": "./assets/params/images/crud/flags/sc.png",
        "continent": {
            "name": "Africa",
            "code": "AF"
        }
    },
    {
        "id": 1196,
        "name": "Sierra Leone",
        "wikipediaLink": "Sierra Leone",
        "isoAlpha2": "SL",
        "isoAlpha3": "SLE",
        "isoNumeric": "694",
        "flag": "sl.png",
        "image": "./assets/params/images/crud/flags/sl.png",
        "continent": {
            "name": "Africa",
            "code": "AF"
        }
    },
    {
        "id": 1197,
        "name": "Singapore",
        "wikipediaLink": "Singapore",
        "isoAlpha2": "SG",
        "isoAlpha3": "SGP",
        "isoNumeric": "702",
        "flag": "sg.png",
        "image": "./assets/params/images/crud/flags/sg.png",
        "continent": {
            "name": "Asia",
            "code": "AS"
        }
    },
    {
        "id": 1198,
        "name": "Sint Maarten (Dutch part)",
        "wikipediaLink": "Sint Maarten (Dutch part)",
        "isoAlpha2": "SX",
        "isoAlpha3": "SXM",
        "isoNumeric": "534",
        "flag": "sx.png",
        "image": "./assets/params/images/crud/flags/sx.png",
        "continent": {
            "name": "North America",
            "code": "NA"
        }
    },
    {
        "id": 1199,
        "name": "Slovakia",
        "wikipediaLink": "Slovakia",
        "isoAlpha2": "SK",
        "isoAlpha3": "SVK",
        "isoNumeric": "703",
        "flag": "sk.png",
        "image": "./assets/params/images/crud/flags/sk.png",
        "continent": {
            "name": "Europe",
            "code": "EU"
        }
    },
    {
        "id": 1200,
        "name": "Slovenia",
        "wikipediaLink": "Slovenia",
        "isoAlpha2": "SI",
        "isoAlpha3": "SVN",
        "isoNumeric": "705",
        "flag": "si.png",
        "image": "./assets/params/images/crud/flags/si.png",
        "continent": {
            "name": "Europe",
            "code": "EU"
        }
    },
    {
        "id": 1201,
        "name": "Solomon Islands",
        "wikipediaLink": "Solomon Islands",
        "isoAlpha2": "SB",
        "isoAlpha3": "SLB",
        "isoNumeric": "090",
        "flag": "sb.png",
        "image": "./assets/params/images/crud/flags/sb.png",
        "continent": {
            "name": "Australia",
            "code": "OC"
        }
    },
    {
        "id": 1202,
        "name": "Somalia",
        "wikipediaLink": "Somalia",
        "isoAlpha2": "SO",
        "isoAlpha3": "SOM",
        "isoNumeric": "706",
        "flag": "so.png",
        "image": "./assets/params/images/crud/flags/so.png",
        "continent": {
            "name": "Africa",
            "code": "AF"
        }
    },
    {
        "id": 1203,
        "name": "South Africa",
        "wikipediaLink": "South Africa",
        "isoAlpha2": "ZA",
        "isoAlpha3": "ZAF",
        "isoNumeric": "710",
        "flag": "za.png",
        "image": "./assets/params/images/crud/flags/za.png",
        "continent": {
            "name": "Africa",
            "code": "AF"
        }
    },
    {
        "id": 1204,
        "name": "South Georgia and the South Sandwich Islands",
        "wikipediaLink": "South Georgia and the South Sandwich Islands",
        "isoAlpha2": "GS",
        "isoAlpha3": "SGS",
        "isoNumeric": "239",
        "flag": "gs.png",
        "image": "./assets/params/images/crud/flags/gs.png",
        "continent": {
            "name": "Antarctica",
            "code": "AN"
        }
    },
    {
        "id": 1205,
        "name": "South Sudan",
        "wikipediaLink": "South Sudan",
        "isoAlpha2": "SS",
        "isoAlpha3": "SSD",
        "isoNumeric": "728",
        "flag": "ss.png",
        "image": "./assets/params/images/crud/flags/ss.png",
        "continent": {
            "name": "Africa",
            "code": "AF"
        }
    },
    {
        "id": 1206,
        "name": "Spain",
        "wikipediaLink": "Spain",
        "isoAlpha2": "ES",
        "isoAlpha3": "ESP",
        "isoNumeric": "724",
        "flag": "es.png",
        "image": "./assets/params/images/crud/flags/es.png",
        "continent": {
            "name": "Europe",
            "code": "EU"
        }
    },
    {
        "id": 1207,
        "name": "Sri Lanka",
        "wikipediaLink": "Sri Lanka",
        "isoAlpha2": "LK",
        "isoAlpha3": "LKA",
        "isoNumeric": "144",
        "flag": "lk.png",
        "image": "./assets/params/images/crud/flags/lk.png",
        "continent": {
            "name": "Asia",
            "code": "AS"
        }
    },
    {
        "id": 1208,
        "name": "Sudan",
        "wikipediaLink": "Sudan",
        "isoAlpha2": "SD",
        "isoAlpha3": "SDN",
        "isoNumeric": "729",
        "flag": "sd.png",
        "image": "./assets/params/images/crud/flags/sd.png",
        "continent": {
            "name": "Africa",
            "code": "AF"
        }
    },
    {
        "id": 1209,
        "name": "Suriname",
        "wikipediaLink": "Suriname",
        "isoAlpha2": "SR",
        "isoAlpha3": "SUR",
        "isoNumeric": "740",
        "flag": "sr.png",
        "image": "./assets/params/images/crud/flags/sr.png",
        "continent": {
            "name": "South America",
            "code": "SA"
        }
    },
    {
        "id": 1210,
        "name": "Svalbard and Jan Mayen",
        "wikipediaLink": "Svalbard_and_Jan_Mayen",
        "isoAlpha2": "SJ",
        "isoAlpha3": "SJM",
        "isoNumeric": "744",
        "flag": "sj.png",
        "image": "./assets/params/images/crud/flags/sj.png",
        "continent": {
            "name": "Europe",
            "code": "EU"
        }
    },
    {
        "id": 1211,
        "name": "Swaziland",
        "wikipediaLink": "Swaziland",
        "isoAlpha2": "SZ",
        "isoAlpha3": "SWZ",
        "isoNumeric": "748",
        "flag": "sz.png",
        "image": "./assets/params/images/crud/flags/sz.png",
        "continent": {
            "name": "Africa",
            "code": "AF"
        }
    },
    {
        "id": 1212,
        "name": "Sweden",
        "wikipediaLink": "Sweden",
        "isoAlpha2": "SE",
        "isoAlpha3": "SWE",
        "isoNumeric": "752",
        "flag": "se.png",
        "image": "./assets/params/images/crud/flags/se.png",
        "continent": {
            "name": "Europe",
            "code": "EU"
        }
    },
    {
        "id": 1213,
        "name": "Switzerland",
        "wikipediaLink": "Switzerland",
        "isoAlpha2": "CH",
        "isoAlpha3": "CHE",
        "isoNumeric": "756",
        "flag": "ch.png",
        "image": "./assets/params/images/crud/flags/ch.png",
        "continent": {
            "name": "Europe",
            "code": "EU"
        }
    },
    {
        "id": 1214,
        "name": "Syrian Arab Republic",
        "wikipediaLink": "Syrian Arab Republic",
        "isoAlpha2": "SY",
        "isoAlpha3": "SYR",
        "isoNumeric": "760",
        "flag": "sy.png",
        "image": "./assets/params/images/crud/flags/sy.png",
        "continent": {
            "name": "Asia",
            "code": "AS"
        }
    },
    {
        "id": 1215,
        "name": "Taiwan, Province of China",
        "wikipediaLink": "Taiwan, Province of China",
        "isoAlpha2": "TW",
        "isoAlpha3": "TWN",
        "isoNumeric": "158",
        "flag": "tw.png",
        "image": "./assets/params/images/crud/flags/tw.png",
        "continent": {
            "name": "Asia",
            "code": "AS"
        }
    },
    {
        "id": 1216,
        "name": "Tajikistan",
        "wikipediaLink": "Tajikistan",
        "isoAlpha2": "TJ",
        "isoAlpha3": "TJK",
        "isoNumeric": "762",
        "flag": "tj.png",
        "image": "./assets/params/images/crud/flags/tj.png",
        "continent": {
            "name": "Asia",
            "code": "AS"
        }
    },
    {
        "id": 1217,
        "name": "Tanzania, United Republic of",
        "wikipediaLink": "Tanzania, United Republic of",
        "isoAlpha2": "TZ",
        "isoAlpha3": "TZA",
        "isoNumeric": "834",
        "flag": "tz.png",
        "image": "./assets/params/images/crud/flags/tz.png",
        "continent": {
            "name": "Africa",
            "code": "AF"
        }
    },
    {
        "id": 1218,
        "name": "Thailand",
        "wikipediaLink": "Thailand",
        "isoAlpha2": "TH",
        "isoAlpha3": "THA",
        "isoNumeric": "764",
        "flag": "th.png",
        "image": "./assets/params/images/crud/flags/th.png",
        "continent": {
            "name": "Asia",
            "code": "AS"
        }
    },
    {
        "id": 1219,
        "name": "Timor-Leste",
        "wikipediaLink": "Timor-Leste",
        "isoAlpha2": "TL",
        "isoAlpha3": "TLS",
        "isoNumeric": "626",
        "flag": "tl.png",
        "image": "./assets/params/images/crud/flags/tl.png",
        "continent": {
            "name": "Australia",
            "code": "OC"
        }
    },
    {
        "id": 1220,
        "name": "Togo",
        "wikipediaLink": "Togo",
        "isoAlpha2": "TG",
        "isoAlpha3": "TGO",
        "isoNumeric": "768",
        "flag": "tg.png",
        "image": "./assets/params/images/crud/flags/tg.png",
        "continent": {
            "name": "Africa",
            "code": "AF"
        }
    },
    {
        "id": 1221,
        "name": "Tokelau",
        "wikipediaLink": "Tokelau",
        "isoAlpha2": "TK",
        "isoAlpha3": "TKL",
        "isoNumeric": "772",
        "flag": "tk.png",
        "image": "./assets/params/images/crud/flags/tk.png",
        "continent": {
            "name": "Australia",
            "code": "OC"
        }
    },
    {
        "id": 1222,
        "name": "Tonga",
        "wikipediaLink": "Tonga",
        "isoAlpha2": "TO",
        "isoAlpha3": "TON",
        "isoNumeric": "776",
        "flag": "to.png",
        "image": "./assets/params/images/crud/flags/to.png",
        "continent": {
            "name": "Australia",
            "code": "OC"
        }
    },
    {
        "id": 1223,
        "name": "Trinidad and Tobago",
        "wikipediaLink": "Trinidad and Tobago",
        "isoAlpha2": "TT",
        "isoAlpha3": "TTO",
        "isoNumeric": "780",
        "flag": "tt.png",
        "image": "./assets/params/images/crud/flags/tt.png",
        "continent": {
            "name": "South America",
            "code": "SA"
        }
    },
    {
        "id": 1224,
        "name": "Tunisia",
        "wikipediaLink": "Tunisia",
        "isoAlpha2": "TN",
        "isoAlpha3": "TUN",
        "isoNumeric": "788",
        "flag": "tn.png",
        "image": "./assets/params/images/crud/flags/tn.png",
        "continent": {
            "name": "Africa",
            "code": "AF"
        }
    },
    {
        "id": 1225,
        "name": "Turkey",
        "wikipediaLink": "Turkey",
        "isoAlpha2": "TR",
        "isoAlpha3": "TUR",
        "isoNumeric": "792",
        "flag": "tr.png",
        "image": "./assets/params/images/crud/flags/tr.png",
        "continent": {
            "name": "Asia",
            "code": "AS"
        }
    },
    {
        "id": 1226,
        "name": "Turkmenistan",
        "wikipediaLink": "Turkmenistan",
        "isoAlpha2": "TM",
        "isoAlpha3": "TKM",
        "isoNumeric": "795",
        "flag": "tm.png",
        "image": "./assets/params/images/crud/flags/tm.png",
        "continent": {
            "name": "Asia",
            "code": "AS"
        }
    },
    {
        "id": 1227,
        "name": "Turks and Caicos Islands",
        "wikipediaLink": "Turks and Caicos Islands",
        "isoAlpha2": "TC",
        "isoAlpha3": "TCA",
        "isoNumeric": "796",
        "flag": "tc.png",
        "image": "./assets/params/images/crud/flags/tc.png",
        "continent": {
            "name": "North America",
            "code": "NA"
        }
    },
    {
        "id": 1228,
        "name": "Tuvalu",
        "wikipediaLink": "Tuvalu",
        "isoAlpha2": "TV",
        "isoAlpha3": "TUV",
        "isoNumeric": "798",
        "flag": "tv.png",
        "image": "./assets/params/images/crud/flags/tv.png",
        "continent": {
            "name": "Australia",
            "code": "OC"
        }
    },
    {
        "id": 1229,
        "name": "Uganda",
        "wikipediaLink": "Uganda",
        "isoAlpha2": "UG",
        "isoAlpha3": "UGA",
        "isoNumeric": "800",
        "flag": "ug.png",
        "image": "./assets/params/images/crud/flags/ug.png",
        "continent": {
            "name": "Africa",
            "code": "AF"
        }
    },
    {
        "id": 1230,
        "name": "Ukraine",
        "wikipediaLink": "Ukraine",
        "isoAlpha2": "UA",
        "isoAlpha3": "UKR",
        "isoNumeric": "804",
        "flag": "ua.png",
        "image": "./assets/params/images/crud/flags/ua.png",
        "continent": {
            "name": "Europe",
            "code": "EU"
        }
    },
    {
        "id": 1231,
        "name": "United Arab Emirates",
        "wikipediaLink": "United Arab Emirates",
        "isoAlpha2": "AE",
        "isoAlpha3": "ARE",
        "isoNumeric": "784",
        "flag": "ae.png",
        "image": "./assets/params/images/crud/flags/ae.png",
        "continent": {
            "name": "Asia",
            "code": "AS"
        }
    },
    {
        "id": 1232,
        "name": "United Kingdom of Great Britain",
        "wikipediaLink": "United Kingdom of Great Britain",
        "isoAlpha2": "GB",
        "isoAlpha3": "GBR",
        "isoNumeric": "826",
        "flag": "gb.png",
        "image": "./assets/params/images/crud/flags/gb.png",
        "continent": {
            "name": "Europe",
            "code": "EU"
        }
    },
    {
        "id": 1234,
        "name": "United States Minor Outlying Islands",
        "wikipediaLink": "United States Minor Outlying Islands",
        "isoAlpha2": "UM",
        "isoAlpha3": "UMI",
        "isoNumeric": "581",
        "flag": "um.png",
        "image": "./assets/params/images/crud/flags/um.png",
        "continent": {
            "name": "North America",
            "code": "NA"
        }
    },
    {
        "id": 1233,
        "name": "United States of America",
        "wikipediaLink": "United States of America",
        "isoAlpha2": "US",
        "isoAlpha3": "USA",
        "isoNumeric": "840",
        "flag": "us.png",
        "image": "./assets/params/images/crud/flags/us.png",
        "continent": {
            "name": "North America",
            "code": "NA"
        }
    },
    {
        "id": 1235,
        "name": "Uruguay",
        "wikipediaLink": "Uruguay",
        "isoAlpha2": "UY",
        "isoAlpha3": "URY",
        "isoNumeric": "858",
        "flag": "uy.png",
        "image": "./assets/params/images/crud/flags/uy.png",
        "continent": {
            "name": "South America",
            "code": "SA"
        }
    },
    {
        "id": 1236,
        "name": "Uzbekistan",
        "wikipediaLink": "Uzbekistan",
        "isoAlpha2": "UZ",
        "isoAlpha3": "UZB",
        "isoNumeric": "860",
        "flag": "uz.png",
        "image": "./assets/params/images/crud/flags/uz.png",
        "continent": {
            "name": "Asia",
            "code": "AS"
        }
    },
    {
        "id": 1237,
        "name": "Vanuatu",
        "wikipediaLink": "Vanuatu",
        "isoAlpha2": "VU",
        "isoAlpha3": "VUT",
        "isoNumeric": "548",
        "flag": "vu.png",
        "image": "./assets/params/images/crud/flags/vu.png",
        "continent": {
            "name": "Australia",
            "code": "OC"
        }
    },
    {
        "id": 1238,
        "name": "Venezuela (Bolivarian Republic of)",
        "wikipediaLink": "Venezuela (Bolivarian Republic of)",
        "isoAlpha2": "VE",
        "isoAlpha3": "VEN",
        "isoNumeric": "862",
        "flag": "ve.png",
        "image": "./assets/params/images/crud/flags/ve.png",
        "continent": {
            "name": "South America",
            "code": "SA"
        }
    },
    {
        "id": 1239,
        "name": "Viet Nam",
        "wikipediaLink": "Viet Nam",
        "isoAlpha2": "VN",
        "isoAlpha3": "VNM",
        "isoNumeric": "704",
        "flag": "vn.png",
        "image": "./assets/params/images/crud/flags/vn.png",
        "continent": {
            "name": "Asia",
            "code": "AS"
        }
    },
    {
        "id": 1240,
        "name": "Virgin Islands (British)",
        "wikipediaLink": "British_Virgin_Islands",
        "isoAlpha2": "VG",
        "isoAlpha3": "VGB",
        "isoNumeric": "092",
        "flag": "vg.png",
        "image": "./assets/params/images/crud/flags/vg.png",
        "continent": {
            "name": "North America",
            "code": "NA"
        }
    },
    {
        "id": 1241,
        "name": "Virgin Islands (U.S.)",
        "wikipediaLink": "Virgin Islands (U.S.)",
        "isoAlpha2": "VI",
        "isoAlpha3": "VIR",
        "isoNumeric": "850",
        "flag": "vi.png",
        "image": "./assets/params/images/crud/flags/vi.png",
        "continent": {
            "name": "North America",
            "code": "NA"
        }
    },
    {
        "id": 1242,
        "name": "Wallis and Futuna",
        "wikipediaLink": "Wallis and Futuna",
        "isoAlpha2": "WF",
        "isoAlpha3": "WLF",
        "isoNumeric": "876",
        "flag": "wf.png",
        "image": "./assets/params/images/crud/flags/wf.png",
        "continent": {
            "name": "Australia",
            "code": "OC"
        }
    },
    {
        "id": 1243,
        "name": "Western Sahara",
        "wikipediaLink": "Western Sahara",
        "isoAlpha2": "EH",
        "isoAlpha3": "ESH",
        "isoNumeric": "732",
        "flag": "eh.png",
        "image": "./assets/params/images/crud/flags/eh.png",
        "continent": {
            "name": "Africa",
            "code": "AF"
        }
    },
    {
        "id": 1244,
        "name": "Yemen",
        "wikipediaLink": "Yemen",
        "isoAlpha2": "YE",
        "isoAlpha3": "YEM",
        "isoNumeric": "887",
        "flag": "ye.png",
        "image": "./assets/params/images/crud/flags/ye.png",
        "continent": {
            "name": "Asia",
            "code": "AS"
        }
    },
    {
        "id": 1245,
        "name": "Zambia",
        "wikipediaLink": "Zambia",
        "isoAlpha2": "ZM",
        "isoAlpha3": "ZMB",
        "isoNumeric": "894",
        "flag": "zm.png",
        "image": "./assets/params/images/crud/flags/zm.png",
        "continent": {
            "name": "Africa",
            "code": "AF"
        }
    },
    {
        "id": 1246,
        "name": "Zimbabwe",
        "wikipediaLink": "Zimbabwe",
        "isoAlpha2": "ZW",
        "isoAlpha3": "ZWE",
        "isoNumeric": "716",
        "flag": "zw.png",
        "image": "./assets/params/images/crud/flags/zw.png",
        "continent": {
            "name": "Africa",
            "code": "AF"
        }
    }
]