[
  {
    "code": "AF",
    "name": "Africa",
    "wikipediaLink": "Africa",
    "frName": "Afrique",
    "frWikipediaLink": "Afrique",
    "area": 30370000,
    "population": 1287920000,
    "countriesNumber": 54
  },
  {
    "code": "AN",
    "name": "Antarctica",
    "wikipediaLink": "Antarctica",
    "frName": "Antarctique",
    "frWikipediaLink": "Antarctique",
    "area": 14000000,
    "population": 4490,
    "countriesNumber": 0
  },
  {
    "code": "AS",
    "name": "Asia",
    "wikipediaLink": "Asia",
    "frName": "Asie",
    "frWikipediaLink": "Asie",
    "area": 44579000,
    "population": 4545133000,
    "countriesNumber": 47
  },
  {
    "code": "OC",
    "name": "Australia",
    "wikipediaLink": "Australia_(continent)",
    "frName": "Continent australien",
    "frWikipediaLink": "Continent_australien",
    "area": 8600000,
    "population": 41261000,
    "countriesNumber": 14
  },
  {
    "code": "EU",
    "name": "Europe",
    "wikipediaLink": "Europe",
    "frName": "Europe",
    "frWikipediaLink": "Europe",
    "area": 10180000,
    "population": 742648000,
    "countriesNumber": 45
  },
  {
    "code": "NA",
    "name": "North America",
    "wikipediaLink": "North_America",
    "frName": "Amérique du Nord",
    "frWikipediaLink": "Amérique_du_Nord",
    "area": 24709000,
    "population": 587615000,
    "countriesNumber": 23
  },
  {
    "code": "SA",
    "name": "South America",
    "wikipediaLink": "South_America",
    "frName": "Amérique du Sud",
    "frWikipediaLink": "Amérique_du_Sud",
    "area": 17840000,
    "population": 428240000,
    "countriesNumber": 12
  }
]