[
  {
    "name": "Afghanistan",
    "wikipediaLink": "Afghanistan",
    "frName": "Afghanistan",
    "frWikipediaLink": "Afghanistan",
    "isoAlpha2": "AF",
    "isoAlpha3": "AFG",
    "isoNumeric": "004",
    "continent": {
      "name": "Asia",
      "code": "AS"
    },
    "flag": "af.png"
  },
  {
    "name": "Åland Islands",
    "wikipediaLink": "Åland_Islands",
    "frName": "Åland Islands",
    "frWikipediaLink": "Åland_Islands",
    "isoAlpha2": "AX",
    "isoAlpha3": "ALA",
    "isoNumeric": "248",
    "continent": {
      "name": "Europe",
      "code": "EU"
    },
    "flag": "ax.png"
  },
  {
    "name": "Albania",
    "wikipediaLink": "Albania",
    "isoAlpha2": "AL",
    "isoAlpha3": "ALB",
    "isoNumeric": "008",
    "continent": {
      "name": "Europe",
      "code": "EU"
    },
    "flag": "al.png"
  },
  {
    "name": "Algeria",
    "wikipediaLink": "Algeria",
    "isoAlpha2": "DZ",
    "isoAlpha3": "DZA",
    "isoNumeric": "012",
    "continent": {
      "name": "Africa",
      "code": "AF"
    },
    "flag": "dz.png"
  },
  {
    "name": "American Samoa",
    "wikipediaLink": "American Samoa",
    "frName": "Samoa américaines",
    "isoAlpha2": "AS",
    "isoAlpha3": "ASM",
    "isoNumeric": "016",
    "continent": {
      "name": "Australia",
      "code": "OC"
    },
    "flag": "as.png"
  },
  {
    "name": "Andorra",
    "wikipediaLink": "Andorra",
    "isoAlpha2": "AD",
    "isoAlpha3": "AND",
    "isoNumeric": "020",
    "continent": {
      "name": "Europe",
      "code": "EU"
    },
    "flag": "ad.png"
  },
  {
    "name": "Angola",
    "wikipediaLink": "Angola",
    "isoAlpha2": "AO",
    "isoAlpha3": "AGO",
    "isoNumeric": "024",
    "continent": {
      "name": "Africa",
      "code": "AF"
    },
    "flag": "ao.png"
  },
  {
    "name": "Anguilla",
    "wikipediaLink": "Anguilla",
    "frName": "Anguilla",
    "isoAlpha2": "AI",
    "isoAlpha3": "AIA",
    "isoNumeric": "660",
    "continent": {
      "name": "North America",
      "code": "NA"
    },
    "flag": "ai.png"
  },
  {
    "name": "Antarctica",
    "wikipediaLink": "Antarctica",
    "isoAlpha2": "AQ",
    "isoAlpha3": "ATA",
    "isoNumeric": "010",
    "continent": {
      "name": "Antarctica",
      "code": "AN"
    },
    "flag": "aq.png"
  },
  {
    "name": "Antigua and Barbuda",
    "wikipediaLink": "Antigua and Barbuda",
    "frName": "Antigua-et-Barbuda",
    "isoAlpha2": "AG",
    "isoAlpha3": "ATG",
    "isoNumeric": "028",
    "continent": {
      "name": "North America",
      "code": "NA"
    },
    "flag": "ag.png"
  },
  {
    "name": "Argentina",
    "wikipediaLink": "Argentina",
    "frName": "Argentine",
    "isoAlpha2": "AR",
    "isoAlpha3": "ARG",
    "isoNumeric": "032",
    "continent": {
      "name": "South America",
      "code": "SA"
    },
    "flag": "ar.png"
  },
  {
    "name": "Armenia",
    "wikipediaLink": "Armenia",
    "isoAlpha2": "AM",
    "isoAlpha3": "ARM",
    "isoNumeric": "051",
    "continent": {
      "name": "Asia",
      "code": "AS"
    },
    "flag": "am.png"
  },
  {
    "name": "Aruba",
    "wikipediaLink": "Aruba",
    "frencName": "Aruba",
    "isoAlpha2": "AW",
    "isoAlpha3": "ABW",
    "isoNumeric": "533",
    "continent": {
      "name": "South America",
      "code": "SA"
    },
    "flag": "aw.png"
  },
  {
    "name": "Australia",
    "wikipediaLink": "Australia",
    "isoAlpha2": "AU",
    "isoAlpha3": "AUS",
    "isoNumeric": "036",
    "continent": {
      "name": "Australia",
      "code": "OC"
    },
    "flag": "au.png"
  },
  {
    "name": "Austria",
    "wikipediaLink": "Austria",
    "isoAlpha2": "AT",
    "isoAlpha3": "AUT",
    "isoNumeric": "040",
    "continent": {
      "name": "Europe",
      "code": "EU"
    },
    "flag": "at.png"
  },
  {
    "name": "Azerbaijan",
    "wikipediaLink": "Azerbaijan",
    "isoAlpha2": "AZ",
    "isoAlpha3": "AZE",
    "isoNumeric": "031",
    "continent": {
      "name": "Asia",
      "code": "AS"
    },
    "flag": "az.png"
  },
  {
    "name": "Bahamas",
    "wikipediaLink": "Bahamas",
    "frName": "Bahamas",
    "isoAlpha2": "BS",
    "isoAlpha3": "BHS",
    "isoNumeric": "044",
    "continent": {
      "name": "North America",
      "code": "NA"
    },
    "flag": "bs.png"
  },
  {
    "name": "Bahrain",
    "wikipediaLink": "Bahrain",
    "isoAlpha2": "BH",
    "isoAlpha3": "BHR",
    "isoNumeric": "048",
    "continent": {
      "name": "Asia",
      "code": "AS"
    },
    "flag": "bh.png"
  },
  {
    "name": "Bangladesh",
    "wikipediaLink": "Bangladesh",
    "isoAlpha2": "BD",
    "isoAlpha3": "BGD",
    "isoNumeric": "050",
    "continent": {
      "name": "Asia",
      "code": "AS"
    },
    "flag": "bd.png"
  },
  {
    "name": "Barbados",
    "wikipediaLink": "Barbados",
    "frName": "Barbade",
    "isoAlpha2": "BB",
    "isoAlpha3": "BRB",
    "isoNumeric": "052",
    "continent": {
      "name": "North America",
      "code": "NA"
    },
    "flag": "bb.png"
  },
  {
    "name": "Belarus",
    "wikipediaLink": "Belarus",
    "isoAlpha2": "BY",
    "isoAlpha3": "BLR",
    "isoNumeric": "112",
    "continent": {
      "name": "Europe",
      "code": "EU"
    },
    "flag": "by.png"
  },
  {
    "name": "Belgium",
    "wikipediaLink": "Belgium",
    "isoAlpha2": "BE",
    "isoAlpha3": "BEL",
    "isoNumeric": "056",
    "continent": {
      "name": "Europe",
      "code": "EU"
    },
    "flag": "be.png"
  },
  {
    "name": "Belize",
    "wikipediaLink": "Belize",
    "frName": "Belize",
    "isoAlpha2": "BZ",
    "isoAlpha3": "BLZ",
    "isoNumeric": "084",
    "continent": {
      "name": "North America",
      "code": "NA"
    },
    "flag": "bz.png"
  },
  {
    "name": "Benin",
    "wikipediaLink": "Benin",
    "isoAlpha2": "BJ",
    "isoAlpha3": "BEN",
    "isoNumeric": "204",
    "continent": {
      "name": "Africa",
      "code": "AF"
    },
    "flag": "bj.png"
  },
  {
    "name": "Bermuda",
    "wikipediaLink": "Bermuda",
    "isoAlpha2": "BM",
    "isoAlpha3": "BMU",
    "isoNumeric": "060",
    "continent": {
      "name": "North America",
      "code": "NA"
    },
    "flag": "bm.png"
  },
  {
    "name": "Bhutan",
    "wikipediaLink": "Bhutan",
    "isoAlpha2": "BT",
    "isoAlpha3": "BTN",
    "isoNumeric": "064",
    "continent": {
      "name": "Asia",
      "code": "AS"
    },
    "flag": "bt.png"
  },
  {
    "name": "Bolivia (Plurinational State of)",
    "wikipediaLink": "Bolivia (Plurinational State of)",
    "isoAlpha2": "BO",
    "isoAlpha3": "BOL",
    "isoNumeric": "068",
    "continent": {
      "name": "South America",
      "code": "SA"
    },
    "flag": "bo.png"
  },
  {
    "name": "Bonaire, Sint Eustatius and Saba",
    "wikipediaLink": "Caribbean_Netherlands",
    "frName": "Pays-Bas caribéens",
    "isoAlpha2": "BQ",
    "isoAlpha3": "BES",
    "isoNumeric": "535",
    "continent": {
      "name": "South America",
      "code": "SA"
    },
    "flag": "bq.png"
  },
  {
    "name": "Bosnia and Herzegovina",
    "wikipediaLink": "Bosnia_and_Herzegovina",
    "isoAlpha2": "BA",
    "isoAlpha3": "BIH",
    "isoNumeric": "070",
    "continent": {
      "name": "Europe",
      "code": "EU"
    },
    "flag": "ba.png"
  },
  {
    "name": "Botswana",
    "wikipediaLink": "Botswana",
    "isoAlpha2": "BW",
    "isoAlpha3": "BWA",
    "isoNumeric": "072",
    "continent": {
      "name": "Africa",
      "code": "AF"
    },
    "flag": "bw.png"
  },
  {
    "name": "Bouvet Island",
    "wikipediaLink": "Bouvet_Island",
    "frName": "Île Bouvet",
    "isoAlpha2": "BV",
    "isoAlpha3": "BVT",
    "isoNumeric": "074",
    "continent": {
      "name": "Antarctica",
      "code": "AN"
    },
    "flag": "bv.png"
  },
  {
    "name": "Brazil",
    "wikipediaLink": "Brazil",
    "isoAlpha2": "BR",
    "isoAlpha3": "BRA",
    "isoNumeric": "076",
    "continent": {
      "name": "South America",
      "code": "SA"
    },
    "flag": "br.png"
  },
  {
    "name": "British Indian Ocean Territory",
    "wikipediaLink": "British_Indian_Ocean_Territory",
    "frName": "Territoire britannique de l'océan Indien",
    "isoAlpha2": "IO",
    "isoAlpha3": "IOT",
    "isoNumeric": "086",
    "continent": {
      "name": "Asia",
      "code": "AS"
    },
    "flag": "io.png"
  },
  {
    "name": "Brunei Darussalam",
    "wikipediaLink": "Brunei_Darussalam",
    "isoAlpha2": "BN",
    "isoAlpha3": "BRN",
    "isoNumeric": "096",
    "continent": {
      "name": "Asia",
      "code": "AS"
    },
    "flag": "bn.png"
  },
  {
    "name": "Bulgaria",
    "wikipediaLink": "Bulgaria",
    "isoAlpha2": "BG",
    "isoAlpha3": "BGR",
    "isoNumeric": "100",
    "continent": {
      "name": "Europe",
      "code": "EU"
    },
    "flag": "bg.png"
  },
  {
    "name": "Burkina Faso",
    "wikipediaLink": "Burkina_Faso",
    "isoAlpha2": "BF",
    "isoAlpha3": "BFA",
    "isoNumeric": "854",
    "continent": {
      "name": "Africa",
      "code": "AF"
    },
    "flag": "bf.png"
  },
  {
    "name": "Burundi",
    "wikipediaLink": "Burundi",
    "isoAlpha2": "BI",
    "isoAlpha3": "BDI",
    "isoNumeric": "108",
    "continent": {
      "name": "Africa",
      "code": "AF"
    },
    "flag": "bi.png"
  },
  {
    "name": "Cambodia",
    "wikipediaLink": "Cambodia",
    "isoAlpha2": "KH",
    "isoAlpha3": "KHM",
    "isoNumeric": "116",
    "continent": {
      "name": "Asia",
      "code": "AS"
    },
    "flag": "kh.png"
  },
  {
    "name": "Cameroon",
    "wikipediaLink": "Cameroon",
    "isoAlpha2": "CM",
    "isoAlpha3": "CMR",
    "isoNumeric": "120",
    "continent": {
      "name": "Africa",
      "code": "AF"
    },
    "flag": "cm.png"
  },
  {
    "name": "Canada",
    "wikipediaLink": "Canada",
    "isoAlpha2": "CA",
    "isoAlpha3": "CAN",
    "isoNumeric": "124",
    "continent": {
      "name": "North America",
      "code": "NA"
    },
    "flag": "ca.png"
  },
  {
    "name": "Cabo Verde",
    "wikipediaLink": "Cabo_Verde",
    "isoAlpha2": "CV",
    "isoAlpha3": "CPV",
    "isoNumeric": "132",
    "continent": {
      "name": "Africa",
      "code": "AF"
    },
    "flag": "cv.png"
  },
  {
    "name": "Cayman Islands",
    "wikipediaLink": "Cayman_Islands",
    "frName": "Îles Caïmans",
    "isoAlpha2": "KY",
    "isoAlpha3": "CYM",
    "isoNumeric": "136",
    "continent": {
      "name": "North America",
      "code": "NA"
    },
    "flag": "ky.png"
  },
  {
    "name": "Central African Republic",
    "wikipediaLink": "Central_African_Republic",
    "isoAlpha2": "CF",
    "isoAlpha3": "CAF",
    "isoNumeric": "140",
    "continent": {
      "name": "Africa",
      "code": "AF"
    },
    "flag": "cf.png"
  },
  {
    "name": "Chad",
    "wikipediaLink": "Chad",
    "isoAlpha2": "TD",
    "isoAlpha3": "TCD",
    "isoNumeric": "148",
    "continent": {
      "name": "Africa",
      "code": "AF"
    },
    "flag": "td.png"
  },
  {
    "name": "Chile",
    "wikipediaLink": "Chile",
    "isoAlpha2": "CL",
    "isoAlpha3": "CHL",
    "isoNumeric": "152",
    "continent": {
      "name": "South America",
      "code": "SA"
    },
    "flag": "cl.png"
  },
  {
    "name": "China",
    "wikipediaLink": "China",
    "isoAlpha2": "CN",
    "isoAlpha3": "CHN",
    "isoNumeric": "156",
    "continent": {
      "name": "Asia",
      "code": "AS"
    },
    "flag": "cn.png"
  },
  {
    "name": "Christmas Island",
    "wikipediaLink": "Christmas_Island",
    "frName": "Île Christmas",
    "isoAlpha2": "CX",
    "isoAlpha3": "CXR",
    "isoNumeric": "162",
    "continent": {
      "name": "Australia",
      "code": "OC"
    },
    "flag": "cx.png"
  },
  {
    "name": "Cocos (Keeling) Islands",
    "wikipediaLink": "Cocos (Keeling) Islands",
    "frName": "Îles Cocos",
    "isoAlpha2": "CC",
    "isoAlpha3": "CCK",
    "isoNumeric": "166",
    "continent": {
      "name": "Asia",
      "code": "AS"
    },
    "flag": "cc.png"
  },
  {
    "name": "Colombia",
    "wikipediaLink": "Colombia",
    "isoAlpha2": "CO",
    "isoAlpha3": "COL",
    "isoNumeric": "170",
    "continent": {
      "name": "South America",
      "code": "SA"
    },
    "flag": "co.png"
  },
  {
    "name": "Comoros",
    "wikipediaLink": "Comoros",
    "isoAlpha2": "KM",
    "isoAlpha3": "COM",
    "isoNumeric": "174",
    "continent": {
      "name": "Africa",
      "code": "AF"
    },
    "flag": "km.png"
  },
  {
    "name": "Congo",
    "wikipediaLink": "Congo",
    "isoAlpha2": "CG",
    "isoAlpha3": "COG",
    "isoNumeric": "178",
    "continent": {
      "name": "Africa",
      "code": "AF"
    },
    "flag": "cg.png"
  },
  {
    "name": "Congo (Democratic Republic of the)",
    "wikipediaLink": "Congo (Democratic Republic of the)",
    "isoAlpha2": "CD",
    "isoAlpha3": "COD",
    "isoNumeric": "180",
    "continent": {
      "name": "Africa",
      "code": "AF"
    },
    "flag": "cd.png"
  },
  {
    "name": "Cook Islands",
    "wikipediaLink": "Cook Islands",
    "frName": "Îles Cook",
    "isoAlpha2": "CK",
    "isoAlpha3": "COK",
    "isoNumeric": "184",
    "continent": {
      "name": "Australia",
      "code": "OC"
    },
    "flag": "ck.png"
  },
  {
    "name": "Costa Rica",
    "wikipediaLink": "Costa Rica",
    "frName": "Costa Rica",
    "isoAlpha2": "CR",
    "isoAlpha3": "CRI",
    "isoNumeric": "188",
    "continent": {
      "name": "North America",
      "code": "NA"
    },
    "flag": "cr.png"
  },
  {
    "name": "Côte d'Ivoire",
    "wikipediaLink": "Côte d'Ivoire",
    "isoAlpha2": "CI",
    "isoAlpha3": "CIV",
    "isoNumeric": "384",
    "continent": {
      "name": "Africa",
      "code": "AF"
    },
    "flag": "ci.png"
  },
  {
    "name": "Croatia",
    "wikipediaLink": "Croatia",
    "isoAlpha2": "HR",
    "isoAlpha3": "HRV",
    "isoNumeric": "191",
    "continent": {
      "name": "Europe",
      "code": "EU"
    },
    "flag": "hr.png"
  },
  {
    "name": "Cuba",
    "wikipediaLink": "Cuba",
    "frName": "Cuba",
    "isoAlpha2": "CU",
    "isoAlpha3": "CUB",
    "isoNumeric": "192",
    "continent": {
      "name": "North America",
      "code": "NA"
    },
    "flag": "cu.png"
  },
  {
    "name": "Curaçao",
    "wikipediaLink": "Curaçao",
    "frName": "Curaçao",
    "isoAlpha2": "CW",
    "isoAlpha3": "CUW",
    "isoNumeric": "531",
    "continent": {
      "name": "North America",
      "code": "NA"
    },
    "flag": "cw.png"
  },
  {
    "name": "Cyprus",
    "wikipediaLink": "Cyprus",
    "isoAlpha2": "CY",
    "isoAlpha3": "CYP",
    "isoNumeric": "196",
    "continent": {
      "name": "Europe",
      "code": "EU"
    },
    "flag": "cy.png"
  },
  {
    "name": "Czech Republic",
    "wikipediaLink": "Czech Republic",
    "isoAlpha2": "CZ",
    "isoAlpha3": "CZE",
    "isoNumeric": "203",
    "continent": {
      "name": "Europe",
      "code": "EU"
    },
    "flag": "cz.png"
  },
  {
    "name": "Denmark",
    "wikipediaLink": "Denmark",
    "isoAlpha2": "DK",
    "isoAlpha3": "DNK",
    "isoNumeric": "208",
    "continent": {
      "name": "Europe",
      "code": "EU"
    },
    "flag": "dk.png"
  },
  {
    "name": "Djibouti",
    "wikipediaLink": "Djibouti",
    "isoAlpha2": "DJ",
    "isoAlpha3": "DJI",
    "isoNumeric": "262",
    "continent": {
      "name": "Africa",
      "code": "AF"
    },
    "flag": "dj.png"
  },
  {
    "name": "Dominica",
    "wikipediaLink": "Dominica",
    "frName": "Dominique",
    "isoAlpha2": "DM",
    "isoAlpha3": "DMA",
    "isoNumeric": "212",
    "continent": {
      "name": "North America",
      "code": "NA"
    },
    "flag": "dm.png"
  },
  {
    "name": "Dominican Republic",
    "wikipediaLink": "Dominican Republic",
    "frName": "République dominicaine",
    "isoAlpha2": "DO",
    "isoAlpha3": "DOM",
    "isoNumeric": "214",
    "continent": {
      "name": "North America",
      "code": "NA"
    },
    "flag": "do.png"
  },
  {
    "name": "Ecuador",
    "wikipediaLink": "Ecuador",
    "isoAlpha2": "EC",
    "isoAlpha3": "ECU",
    "isoNumeric": "218",
    "continent": {
      "name": "South America",
      "code": "SA"
    },
    "flag": "ec.png"
  },
  {
    "name": "Egypt",
    "wikipediaLink": "Egypt",
    "isoAlpha2": "EG",
    "isoAlpha3": "EGY",
    "isoNumeric": "818",
    "continent": {
      "name": "Africa",
      "code": "AF"
    },
    "flag": "eg.png"
  },
  {
    "name": "El Salvador",
    "wikipediaLink": "El Salvador",
    "frName": "Salvador",
    "isoAlpha2": "SV",
    "isoAlpha3": "SLV",
    "isoNumeric": "222",
    "continent": {
      "name": "North America",
      "code": "NA"
    },
    "flag": "sv.png"
  },
  {
    "name": "Equatorial Guinea",
    "wikipediaLink": "Equatorial Guinea",
    "isoAlpha2": "GQ",
    "isoAlpha3": "GNQ",
    "isoNumeric": "226",
    "continent": {
      "name": "Africa",
      "code": "AF"
    },
    "flag": "gq.png"
  },
  {
    "name": "Eritrea",
    "wikipediaLink": "Eritrea",
    "isoAlpha2": "ER",
    "isoAlpha3": "ERI",
    "isoNumeric": "232",
    "continent": {
      "name": "Africa",
      "code": "AF"
    },
    "flag": "er.png"
  },
  {
    "name": "Estonia",
    "wikipediaLink": "Estonia",
    "isoAlpha2": "EE",
    "isoAlpha3": "EST",
    "isoNumeric": "233",
    "continent": {
      "name": "Europe",
      "code": "EU"
    },
    "flag": "ee.png"
  },
  {
    "name": "Ethiopia",
    "wikipediaLink": "Ethiopia",
    "isoAlpha2": "ET",
    "isoAlpha3": "ETH",
    "isoNumeric": "231",
    "continent": {
      "name": "Africa",
      "code": "AF"
    },
    "flag": "et.png"
  },
  {
    "name": "Falkland Islands (Malvinas)",
    "wikipediaLink": "Falkland Islands (Malvinas)",
    "frName": "Îles Malouines",
    "isoAlpha2": "FK",
    "isoAlpha3": "FLK",
    "isoNumeric": "238",
    "continent": {
      "name": "South America",
      "code": "SA"
    },
    "flag": "fk.png"
  },
  {
    "name": "Faroe Islands",
    "wikipediaLink": "Faroe Islands",
    "frName": "Îles Féroé",
    "isoAlpha2": "FO",
    "isoAlpha3": "FRO",
    "isoNumeric": "234",
    "continent": {
      "name": "Europe",
      "code": "EU"
    },
    "flag": "fo.png"
  },
  {
    "name": "Fiji",
    "wikipediaLink": "Fiji",
    "isoAlpha2": "FJ",
    "isoAlpha3": "FJI",
    "isoNumeric": "242",
    "continent": {
      "name": "Australia",
      "code": "OC"
    },
    "flag": "fj.png"
  },
  {
    "name": "Finland",
    "wikipediaLink": "Finland",
    "isoAlpha2": "FI",
    "isoAlpha3": "FIN",
    "isoNumeric": "246",
    "continent": {
      "name": "Europe",
      "code": "EU"
    },
    "flag": "fi.png"
  },
  {
    "name": "France",
    "wikipediaLink": "France",
    "isoAlpha2": "FR",
    "isoAlpha3": "FRA",
    "isoNumeric": "250",
    "continent": {
      "name": "Europe",
      "code": "EU"
    },
    "flag": "fr.png"
  },
  {
    "name": "French Guiana",
    "wikipediaLink": "French Guiana",
    "frName": "Guinée française",
    "isoAlpha2": "GF",
    "isoAlpha3": "GUF",
    "isoNumeric": "254",
    "continent": {
      "name": "Africa",
      "code": "AF"
    },
    "flag": "gf.png"
  },
  {
    "name": "French Polynesia",
    "wikipediaLink": "French Polynesia",
    "frName": "Polynésie française",
    "isoAlpha2": "PF",
    "isoAlpha3": "PYF",
    "isoNumeric": "258",
    "continent": {
      "name": "Australia",
      "code": "OC"
    },
    "flag": "pf.png"
  },
  {
    "name": "French Southern Territories",
    "wikipediaLink": "French Southern Territories",
    "frName": "Terres australes et antarctiques françaises",
    "isoAlpha2": "TF",
    "isoAlpha3": "ATF",
    "isoNumeric": "260",
    "continent": {
      "name": "Antarctica",
      "code": "AN"
    },
    "flag": "tf.png"
  },
  {
    "name": "Gabon",
    "wikipediaLink": "Gabon",
    "isoAlpha2": "GA",
    "isoAlpha3": "GAB",
    "isoNumeric": "266",
    "continent": {
      "name": "Africa",
      "code": "AF"
    },
    "flag": "ga.png"
  },
  {
    "name": "Gambia",
    "wikipediaLink": "Gambia",
    "isoAlpha2": "GM",
    "isoAlpha3": "GMB",
    "isoNumeric": "270",
    "continent": {
      "name": "Africa",
      "code": "AF"
    },
    "flag": "gm.png"
  },
  {
    "name": "Georgia",
    "wikipediaLink": "Georgia_(country)",
    "isoAlpha2": "GE",
    "isoAlpha3": "GEO",
    "isoNumeric": "268",
    "continent": {
      "name": "Asia",
      "code": "AS"
    },
    "flag": "ge.png"
  },
  {
    "name": "Germany",
    "wikipediaLink": "Germany",
    "isoAlpha2": "DE",
    "isoAlpha3": "DEU",
    "isoNumeric": "276",
    "continent": {
      "name": "Europe",
      "code": "EU"
    },
    "flag": "de.png"
  },
  {
    "name": "Ghana",
    "wikipediaLink": "Ghana",
    "isoAlpha2": "GH",
    "isoAlpha3": "GHA",
    "isoNumeric": "288",
    "continent": {
      "name": "Africa",
      "code": "AF"
    },
    "flag": "gh.png"
  },
  {
    "name": "Gibraltar",
    "wikipediaLink": "Gibraltar",
    "frName": "Gibraltar",
    "isoAlpha2": "GI",
    "isoAlpha3": "GIB",
    "isoNumeric": "292",
    "continent": {
      "name": "Europe",
      "code": "EU"
    },
    "flag": "gi.png"
  },
  {
    "name": "Greece",
    "wikipediaLink": "Greece",
    "isoAlpha2": "GR",
    "isoAlpha3": "GRC",
    "isoNumeric": "300",
    "continent": {
      "name": "Europe",
      "code": "EU"
    },
    "flag": "gr.png"
  },
  {
    "name": "Greenland",
    "wikipediaLink": "Greenland",
    "isoAlpha2": "GL",
    "isoAlpha3": "GRL",
    "isoNumeric": "304",
    "continent": {
      "name": "North America",
      "code": "NA"
    },
    "flag": "gl.png"
  },
  {
    "name": "Grenada",
    "wikipediaLink": "Grenada",
    "frName": "Grenade",
    "isoAlpha2": "GD",
    "isoAlpha3": "GRD",
    "isoNumeric": "308",
    "continent": {
      "name": "North America",
      "code": "NA"
    },
    "flag": "gd.png"
  },
  {
    "name": "Guadeloupe",
    "wikipediaLink": "Guadeloupe",
    "frName": "Guadeloupe",
    "isoAlpha2": "GP",
    "isoAlpha3": "GLP",
    "isoNumeric": "312",
    "continent": {
      "name": "North America",
      "code": "NA"
    },
    "flag": "gp.png"
  },
  {
    "name": "Guam",
    "wikipediaLink": "Guam",
    "frName": "Guam",
    "isoAlpha2": "GU",
    "isoAlpha3": "GUM",
    "isoNumeric": "316",
    "continent": {
      "name": "Australia",
      "code": "OC"
    },
    "flag": "gu.png"
  },
  {
    "name": "Guatemala",
    "wikipediaLink": "Guatemala",
    "frName": "Guatemala",
    "isoAlpha2": "GT",
    "isoAlpha3": "GTM",
    "isoNumeric": "320",
    "continent": {
      "name": "North America",
      "code": "NA"
    },
    "flag": "gt.png"
  },
  {
    "name": "Guernsey",
    "wikipediaLink": "Guernsey",
    "frName": "Guernsey",
    "isoAlpha2": "GG",
    "isoAlpha3": "GGY",
    "isoNumeric": "831",
    "continent": {
      "name": "Europe",
      "code": "EU"
    },
    "flag": "gg.png"
  },
  {
    "name": "Guinea",
    "wikipediaLink": "Guinea",
    "isoAlpha2": "GN",
    "isoAlpha3": "GIN",
    "isoNumeric": "324",
    "continent": {
      "name": "Africa",
      "code": "AF"
    },
    "flag": "gn.png"
  },
  {
    "name": "Guinea-Bissau",
    "wikipediaLink": "Guinea-Bissau",
    "isoAlpha2": "GW",
    "isoAlpha3": "GNB",
    "isoNumeric": "624",
    "continent": {
      "name": "Africa",
      "code": "AF"
    },
    "flag": "gw.png"
  },
  {
    "name": "Guyana",
    "wikipediaLink": "Guyana",
    "isoAlpha2": "GY",
    "isoAlpha3": "GUY",
    "isoNumeric": "328",
    "continent": {
      "name": "South America",
      "code": "SA"
    },
    "flag": "gy.png"
  },
  {
    "name": "Haiti",
    "wikipediaLink": "Haiti",
    "frName": "Haiti",
    "isoAlpha2": "HT",
    "isoAlpha3": "HTI",
    "isoNumeric": "332",
    "continent": {
      "name": "North America",
      "code": "NA"
    },
    "flag": "ht.png"
  },
  {
    "name": "Heard Island and McDonald Islands",
    "wikipediaLink": "Heard Island and McDonald Islands",
    "frName": "Îles Heard-et-MacDonald",
    "isoAlpha2": "HM",
    "isoAlpha3": "HMD",
    "isoNumeric": "334",
    "continent": {
      "name": "Antarctica",
      "code": "AN"
    },
    "flag": "hm.png"
  },
  {
    "name": "Holy See",
    "wikipediaLink": "Holy See",
    "frName": "Saint-Siège",
    "isoAlpha2": "VA",
    "isoAlpha3": "VAT",
    "isoNumeric": "336",
    "continent": {
      "name": "Europe",
      "code": "EU"
    },
    "flag": "va.png"
  },
  {
    "name": "Honduras",
    "wikipediaLink": "Honduras",
    "frName": "Honduras",
    "isoAlpha2": "HN",
    "isoAlpha3": "HND",
    "isoNumeric": "340",
    "continent": {
      "name": "North America",
      "code": "NA"
    },
    "flag": "hn.png"
  },
  {
    "name": "Hong Kong",
    "wikipediaLink": "Hong Kong",
    "frName": "Hong Kong",
    "isoAlpha2": "HK",
    "isoAlpha3": "HKG",
    "isoNumeric": "344",
    "continent": {
      "name": "Asia",
      "code": "AS"
    },
    "flag": "hk.png"
  },
  {
    "name": "Hungary",
    "wikipediaLink": "Hungary",
    "isoAlpha2": "HU",
    "isoAlpha3": "HUN",
    "isoNumeric": "348",
    "continent": {
      "name": "Europe",
      "code": "EU"
    },
    "flag": "hu.png"
  },
  {
    "name": "Iceland",
    "wikipediaLink": "Iceland",
    "isoAlpha2": "IS",
    "isoAlpha3": "ISL",
    "isoNumeric": "352",
    "continent": {
      "name": "Europe",
      "code": "EU"
    },
    "flag": "is.png"
  },
  {
    "name": "India",
    "wikipediaLink": "India",
    "isoAlpha2": "IN",
    "isoAlpha3": "IND",
    "isoNumeric": "356",
    "continent": {
      "name": "Asia",
      "code": "AS"
    },
    "flag": "in.png"
  },
  {
    "name": "Indonesia",
    "wikipediaLink": "Indonesia",
    "isoAlpha2": "ID",
    "isoAlpha3": "IDN",
    "isoNumeric": "360",
    "continent": {
      "name": "Asia",
      "code": "AS"
    },
    "flag": "id.png"
  },
  {
    "name": "Iran (Islamic Republic of)",
    "wikipediaLink": "Iran (Islamic Republic of)",
    "isoAlpha2": "IR",
    "isoAlpha3": "IRN",
    "isoNumeric": "364",
    "continent": {
      "name": "Asia",
      "code": "AS"
    },
    "flag": "ir.png"
  },
  {
    "name": "Iraq",
    "wikipediaLink": "Iraq",
    "isoAlpha2": "IQ",
    "isoAlpha3": "IRQ",
    "isoNumeric": "368",
    "continent": {
      "name": "Asia",
      "code": "AS"
    },
    "flag": "iq.png"
  },
  {
    "name": "Ireland",
    "wikipediaLink": "Republic_of_Ireland",
    "isoAlpha2": "IE",
    "isoAlpha3": "IRL",
    "isoNumeric": "372",
    "continent": {
      "name": "Europe",
      "code": "EU"
    },
    "flag": "ie.png"
  },
  {
    "name": "Isle of Man",
    "wikipediaLink": "Isle of Man",
    "frName": "Île de Man",
    "isoAlpha2": "IM",
    "isoAlpha3": "IMN",
    "isoNumeric": "833",
    "continent": {
      "name": "Europe",
      "code": "EU"
    },
    "flag": "im.png"
  },
  {
    "name": "Israel",
    "wikipediaLink": "Israel",
    "isoAlpha2": "IL",
    "isoAlpha3": "ISR",
    "isoNumeric": "376",
    "continent": {
      "name": "Asia",
      "code": "AS"
    },
    "flag": "il.png"
  },
  {
    "name": "Italy",
    "wikipediaLink": "Italy",
    "isoAlpha2": "IT",
    "isoAlpha3": "ITA",
    "isoNumeric": "380",
    "continent": {
      "name": "Europe",
      "code": "EU"
    },
    "flag": "it.png"
  },
  {
    "name": "Jamaica",
    "wikipediaLink": "Jamaica",
    "frName": "Jamaïque",
    "isoAlpha2": "JM",
    "isoAlpha3": "JAM",
    "isoNumeric": "388",
    "continent": {
      "name": "North America",
      "code": "NA"
    },
    "flag": "jm.png"
  },
  {
    "name": "Japan",
    "wikipediaLink": "Japan",
    "isoAlpha2": "JP",
    "isoAlpha3": "JPN",
    "isoNumeric": "392",
    "continent": {
      "name": "Asia",
      "code": "AS"
    },
    "flag": "jp.png"
  },
  {
    "name": "Jersey",
    "wikipediaLink": "Jersey",
    "frName": "Jersey",
    "isoAlpha2": "JE",
    "isoAlpha3": "JEY",
    "isoNumeric": "832",
    "continent": {
      "name": "Europe",
      "code": "EU"
    },
    "flag": "je.png"
  },
  {
    "name": "Jordan",
    "wikipediaLink": "Jordan",
    "isoAlpha2": "JO",
    "isoAlpha3": "JOR",
    "isoNumeric": "400",
    "continent": {
      "name": "Asia",
      "code": "AS"
    },
    "flag": "jo.png"
  },
  {
    "name": "Kazakhstan",
    "wikipediaLink": "Kazakhstan",
    "isoAlpha2": "KZ",
    "isoAlpha3": "KAZ",
    "isoNumeric": "398",
    "continent": {
      "name": "Asia",
      "code": "AS"
    },
    "flag": "kz.png"
  },
  {
    "name": "Kenya",
    "wikipediaLink": "Kenya",
    "isoAlpha2": "KE",
    "isoAlpha3": "KEN",
    "isoNumeric": "404",
    "continent": {
      "name": "Africa",
      "code": "AF"
    },
    "flag": "ke.png"
  },
  {
    "name": "Kiribati",
    "wikipediaLink": "Kiribati",
    "isoAlpha2": "KI",
    "isoAlpha3": "KIR",
    "isoNumeric": "296",
    "continent": {
      "name": "Australia",
      "code": "OC"
    },
    "flag": "ki.png"
  },
  {
    "name": "Korea (Democratic People's Republic of)",
    "wikipediaLink": "North_Korea",
    "isoAlpha2": "KP",
    "isoAlpha3": "PRK",
    "isoNumeric": "408",
    "continent": {
      "name": "Asia",
      "code": "AS"
    },
    "flag": "kp.png"
  },
  {
    "name": "Korea (Republic of)",
    "wikipediaLink": "South_Korea",
    "isoAlpha2": "KR",
    "isoAlpha3": "KOR",
    "isoNumeric": "410",
    "continent": {
      "name": "Asia",
      "code": "AS"
    },
    "flag": "kr.png"
  },
  {
    "name": "Kuwait",
    "wikipediaLink": "Kuwait",
    "isoAlpha2": "KW",
    "isoAlpha3": "KWT",
    "isoNumeric": "414",
    "continent": {
      "name": "Asia",
      "code": "AS"
    },
    "flag": "kw.png"
  },
  {
    "name": "Kyrgyzstan",
    "wikipediaLink": "Kyrgyzstan",
    "isoAlpha2": "KG",
    "isoAlpha3": "KGZ",
    "isoNumeric": "417",
    "continent": {
      "name": "Asia",
      "code": "AS"
    },
    "flag": "kg.png"
  },
  {
    "name": "Lao People's Democratic Republic",
    "wikipediaLink": "Lao People's Democratic Republic",
    "isoAlpha2": "LA",
    "isoAlpha3": "LAO",
    "isoNumeric": "418",
    "continent": {
      "name": "Asia",
      "code": "AS"
    },
    "flag": "la.png"
  },
  {
    "name": "Latvia",
    "wikipediaLink": "Latvia",
    "isoAlpha2": "LV",
    "isoAlpha3": "LVA",
    "isoNumeric": "428",
    "continent": {
      "name": "Europe",
      "code": "EU"
    },
    "flag": "lv.png"
  },
  {
    "name": "Lebanon",
    "wikipediaLink": "Lebanon",
    "frName": "Libye",
    "isoAlpha2": "LB",
    "isoAlpha3": "LBN",
    "isoNumeric": "422",
    "continent": {
      "name": "Asia",
      "code": "AS"
    },
    "flag": "lb.png"
  },
  {
    "name": "Lesotho",
    "wikipediaLink": "Lesotho",
    "isoAlpha2": "LS",
    "isoAlpha3": "LSO",
    "isoNumeric": "426",
    "continent": {
      "name": "Africa",
      "code": "AF"
    },
    "flag": "ls.png"
  },
  {
    "name": "Liberia",
    "wikipediaLink": "Liberia",
    "isoAlpha2": "LR",
    "isoAlpha3": "LBR",
    "isoNumeric": "430",
    "continent": {
      "name": "Africa",
      "code": "AF"
    },
    "flag": "lr.png"
  },
  {
    "name": "Libya",
    "wikipediaLink": "Libya",
    "frName": "Libye",
    "isoAlpha2": "LY",
    "isoAlpha3": "LBY",
    "isoNumeric": "434",
    "continent": {
      "name": "Africa",
      "code": "AF"
    },
    "flag": "ly.png"
  },
  {
    "name": "Liechtenstein",
    "wikipediaLink": "Liechtenstein",
    "isoAlpha2": "LI",
    "isoAlpha3": "LIE",
    "isoNumeric": "438",
    "continent": {
      "name": "Europe",
      "code": "EU"
    },
    "flag": "li.png"
  },
  {
    "name": "Lithuania",
    "wikipediaLink": "Lithuania",
    "isoAlpha2": "LT",
    "isoAlpha3": "LTU",
    "isoNumeric": "440",
    "continent": {
      "name": "Europe",
      "code": "EU"
    },
    "flag": "lt.png"
  },
  {
    "name": "Luxembourg",
    "wikipediaLink": "Luxembourg",
    "isoAlpha2": "LU",
    "isoAlpha3": "LUX",
    "isoNumeric": "442",
    "continent": {
      "name": "Europe",
      "code": "EU"
    },
    "flag": "lu.png"
  },
  {
    "name": "Macao",
    "wikipediaLink": "Macao",
    "frName": "Macao",
    "isoAlpha2": "MO",
    "isoAlpha3": "MAC",
    "isoNumeric": "446",
    "continent": {
      "name": "Asia",
      "code": "AS"
    },
    "flag": "mo.png"
  },
  {
    "name": "Macedonia (the former Yugoslav Republic of)",
    "wikipediaLink": "North_Macedonia",
    "isoAlpha2": "MK",
    "isoAlpha3": "MKD",
    "isoNumeric": "807",
    "continent": {
      "name": "Europe",
      "code": "EU"
    },
    "flag": "mk.png"
  },
  {
    "name": "Madagascar",
    "wikipediaLink": "Madagascar",
    "isoAlpha2": "MG",
    "isoAlpha3": "MDG",
    "isoNumeric": "450",
    "continent": {
      "name": "Africa",
      "code": "AF"
    },
    "flag": "mg.png"
  },
  {
    "name": "Malawi",
    "wikipediaLink": "Malawi",
    "isoAlpha2": "MW",
    "isoAlpha3": "MWI",
    "isoNumeric": "454",
    "continent": {
      "name": "Africa",
      "code": "AF"
    },
    "flag": "mw.png"
  },
  {
    "name": "Malaysia",
    "wikipediaLink": "Malaysia",
    "isoAlpha2": "MY",
    "isoAlpha3": "MYS",
    "isoNumeric": "458",
    "continent": {
      "name": "Asia",
      "code": "AS"
    },
    "flag": "my.png"
  },
  {
    "name": "Maldives",
    "wikipediaLink": "Maldives",
    "isoAlpha2": "MV",
    "isoAlpha3": "MDV",
    "isoNumeric": "462",
    "continent": {
      "name": "Asia",
      "code": "AS"
    },
    "flag": "mv.png"
  },
  {
    "name": "Mali",
    "wikipediaLink": "Mali",
    "isoAlpha2": "ML",
    "isoAlpha3": "MLI",
    "isoNumeric": "466",
    "continent": {
      "name": "Africa",
      "code": "AF"
    },
    "flag": "ml.png"
  },
  {
    "name": "Malta",
    "wikipediaLink": "Malta",
    "isoAlpha2": "MT",
    "isoAlpha3": "MLT",
    "isoNumeric": "470",
    "continent": {
      "name": "Europe",
      "code": "EU"
    },
    "flag": "mt.png"
  },
  {
    "name": "Marshall Islands",
    "wikipediaLink": "Marshall Islands",
    "isoAlpha2": "MH",
    "isoAlpha3": "MHL",
    "isoNumeric": "584",
    "continent": {
      "name": "Australia",
      "code": "OC"
    },
    "flag": "mh.png"
  },
  {
    "name": "Martinique",
    "wikipediaLink": "Martinique",
    "frName": "Martinique",
    "isoAlpha2": "MQ",
    "isoAlpha3": "MTQ",
    "isoNumeric": "474",
    "continent": {
      "name": "North America",
      "code": "NA"
    },
    "flag": "mq.png"
  },
  {
    "name": "Mauritania",
    "wikipediaLink": "Mauritania",
    "isoAlpha2": "MR",
    "isoAlpha3": "MRT",
    "isoNumeric": "478",
    "continent": {
      "name": "Africa",
      "code": "AF"
    },
    "flag": "mr.png"
  },
  {
    "name": "Mauritius",
    "wikipediaLink": "Mauritius",
    "isoAlpha2": "MU",
    "isoAlpha3": "MUS",
    "isoNumeric": "480",
    "continent": {
      "name": "Africa",
      "code": "AF"
    },
    "flag": "mu.png"
  },
  {
    "name": "Mayotte",
    "wikipediaLink": "Mayotte",
    "frName": "Mayotte",
    "isoAlpha2": "YT",
    "isoAlpha3": "MYT",
    "isoNumeric": "175",
    "continent": {
      "name": "Africa",
      "code": "AF"
    },
    "flag": "yt.png"
  },
  {
    "name": "Mexico",
    "wikipediaLink": "Mexico",
    "isoAlpha2": "MX",
    "isoAlpha3": "MEX",
    "isoNumeric": "484",
    "continent": {
      "name": "North America",
      "code": "NA"
    },
    "flag": "mx.png"
  },
  {
    "name": "Micronesia (Federated States of)",
    "wikipediaLink": "Micronesia (Federated States of)",
    "isoAlpha2": "FM",
    "isoAlpha3": "FSM",
    "isoNumeric": "583",
    "continent": {
      "name": "Australia",
      "code": "OC"
    },
    "flag": "fm.png"
  },
  {
    "name": "Moldova (Republic of)",
    "wikipediaLink": "Moldova (Republic of)",
    "isoAlpha2": "MD",
    "isoAlpha3": "MDA",
    "isoNumeric": "498",
    "continent": {
      "name": "Europe",
      "code": "EU"
    },
    "flag": "md.png"
  },
  {
    "name": "Monaco",
    "wikipediaLink": "Monaco",
    "isoAlpha2": "MC",
    "isoAlpha3": "MCO",
    "isoNumeric": "492",
    "continent": {
      "name": "Europe",
      "code": "EU"
    },
    "flag": "mc.png"
  },
  {
    "name": "Mongolia",
    "wikipediaLink": "Mongolia",
    "isoAlpha2": "MN",
    "isoAlpha3": "MNG",
    "isoNumeric": "496",
    "continent": {
      "name": "Asia",
      "code": "AS"
    },
    "flag": "mn.png"
  },
  {
    "name": "Montenegro",
    "wikipediaLink": "Montenegro",
    "isoAlpha2": "ME",
    "isoAlpha3": "MNE",
    "isoNumeric": "499",
    "continent": {
      "name": "Europe",
      "code": "EU"
    },
    "flag": "me.png"
  },
  {
    "name": "Montserrat",
    "wikipediaLink": "Montserrat",
    "frName": "Montserrat (Antilles)",
    "isoAlpha2": "MS",
    "isoAlpha3": "MSR",
    "isoNumeric": "500",
    "continent": {
      "name": "North America",
      "code": "NA"
    },
    "flag": "ms.png"
  },
  {
    "name": "Morocco",
    "wikipediaLink": "Morocco",
    "isoAlpha2": "MA",
    "isoAlpha3": "MAR",
    "isoNumeric": "504",
    "continent": {
      "name": "Africa",
      "code": "AF"
    },
    "flag": "ma.png"
  },
  {
    "name": "Mozambique",
    "wikipediaLink": "Mozambique",
    "isoAlpha2": "MZ",
    "isoAlpha3": "MOZ",
    "isoNumeric": "508",
    "continent": {
      "name": "Africa",
      "code": "AF"
    },
    "flag": "mz.png"
  },
  {
    "name": "Myanmar",
    "wikipediaLink": "Myanmar",
    "isoAlpha2": "MM",
    "isoAlpha3": "MMR",
    "isoNumeric": "104",
    "continent": {
      "name": "Asia",
      "code": "AS"
    },
    "flag": "mm.png"
  },
  {
    "name": "Namibia",
    "wikipediaLink": "Namibia",
    "isoAlpha2": "NA",
    "isoAlpha3": "NAM",
    "isoNumeric": "516",
    "continent": {
      "name": "Africa",
      "code": "AF"
    },
    "flag": "na.png"
  },
  {
    "name": "Nauru",
    "wikipediaLink": "Nauru",
    "isoAlpha2": "NR",
    "isoAlpha3": "NRU",
    "isoNumeric": "520",
    "continent": {
      "name": "Australia",
      "code": "OC"
    },
    "flag": "nr.png"
  },
  {
    "name": "Nepal",
    "wikipediaLink": "Nepal",
    "isoAlpha2": "NP",
    "isoAlpha3": "NPL",
    "isoNumeric": "524",
    "continent": {
      "name": "Asia",
      "code": "AS"
    },
    "flag": "np.png"
  },
  {
    "name": "Netherlands",
    "wikipediaLink": "Netherlands",
    "isoAlpha2": "NL",
    "isoAlpha3": "NLD",
    "isoNumeric": "528",
    "continent": {
      "name": "Europe",
      "code": "EU"
    },
    "flag": "nl.png"
  },
  {
    "name": "New Caledonia",
    "wikipediaLink": "New Caledonia",
    "frName": "Nouvelle-Calédonie",
    "isoAlpha2": "NC",
    "isoAlpha3": "NCL",
    "isoNumeric": "540",
    "continent": {
      "name": "Australia",
      "code": "OC"
    },
    "flag": "nc.png"
  },
  {
    "name": "New Zealand",
    "wikipediaLink": "New Zealand",
    "isoAlpha2": "NZ",
    "isoAlpha3": "NZL",
    "isoNumeric": "554",
    "continent": {
      "name": "Australia",
      "code": "OC"
    },
    "flag": "nz.png"
  },
  {
    "name": "Nicaragua",
    "wikipediaLink": "Nicaragua",
    "frName": "Nicaragua",
    "isoAlpha2": "NI",
    "isoAlpha3": "NIC",
    "isoNumeric": "558",
    "continent": {
      "name": "North America",
      "code": "NA"
    },
    "flag": "ni.png"
  },
  {
    "name": "Niger",
    "wikipediaLink": "Niger",
    "isoAlpha2": "NE",
    "isoAlpha3": "NER",
    "isoNumeric": "562",
    "continent": {
      "name": "Africa",
      "code": "AF"
    },
    "flag": "ne.png"
  },
  {
    "name": "Nigeria",
    "wikipediaLink": "Nigeria",
    "isoAlpha2": "NG",
    "isoAlpha3": "NGA",
    "isoNumeric": "566",
    "continent": {
      "name": "Africa",
      "code": "AF"
    },
    "flag": "ng.png"
  },
  {
    "name": "Niue",
    "wikipediaLink": "Niue",
    "isoAlpha2": "NU",
    "isoAlpha3": "NIU",
    "isoNumeric": "570",
    "continent": {
      "name": "Australia",
      "code": "OC"
    },
    "flag": "nu.png"
  },
  {
    "name": "Norfolk Island",
    "wikipediaLink": "Norfolk Island",
    "frName": "Île Norfolk",
    "isoAlpha2": "NF",
    "isoAlpha3": "NFK",
    "isoNumeric": "574",
    "continent": {
      "name": "Australia",
      "code": "OC"
    },
    "flag": "nf.png"
  },
  {
    "name": "Northern Mariana Islands",
    "wikipediaLink": "Northern Mariana Islands",
    "frName": "Îles Mariannes du Nord",
    "isoAlpha2": "MP",
    "isoAlpha3": "MNP",
    "isoNumeric": "580",
    "continent": {
      "name": "Australia",
      "code": "OC"
    },
    "flag": "mp.png"
  },
  {
    "name": "Norway",
    "wikipediaLink": "Norway",
    "isoAlpha2": "NO",
    "isoAlpha3": "NOR",
    "isoNumeric": "578",
    "continent": {
      "name": "Europe",
      "code": "EU"
    },
    "flag": "no.png"
  },
  {
    "name": "Oman",
    "wikipediaLink": "Oman",
    "isoAlpha2": "OM",
    "isoAlpha3": "OMN",
    "isoNumeric": "512",
    "continent": {
      "name": "Asia",
      "code": "AS"
    },
    "flag": "om.png"
  },
  {
    "name": "Pakistan",
    "wikipediaLink": "Pakistan",
    "isoAlpha2": "PK",
    "isoAlpha3": "PAK",
    "isoNumeric": "586",
    "continent": {
      "name": "Asia",
      "code": "AS"
    },
    "flag": "pk.png"
  },
  {
    "name": "Palau",
    "wikipediaLink": "Palau",
    "isoAlpha2": "PW",
    "isoAlpha3": "PLW",
    "isoNumeric": "585",
    "continent": {
      "name": "Australia",
      "code": "OC"
    },
    "flag": "pw.png"
  },
  {
    "name": "Palestine, State of",
    "wikipediaLink": "Palestine, State of",
    "isoAlpha2": "PS",
    "isoAlpha3": "PSE",
    "isoNumeric": "275",
    "continent": {
      "name": "Asia",
      "code": "AS"
    },
    "flag": "ps.png"
  },
  {
    "name": "Panama",
    "wikipediaLink": "Panama",
    "isoAlpha2": "PA",
    "isoAlpha3": "PAN",
    "isoNumeric": "591",
    "continent": {
      "name": "North America",
      "code": "NA"
    },
    "flag": "pa.png"
  },
  {
    "name": "Papua New Guinea",
    "wikipediaLink": "Papua New Guinea",
    "isoAlpha2": "PG",
    "isoAlpha3": "PNG",
    "isoNumeric": "598",
    "continent": {
      "name": "Australia",
      "code": "OC"
    },
    "flag": "pg.png"
  },
  {
    "name": "Paraguay",
    "wikipediaLink": "Paraguay",
    "isoAlpha2": "PY",
    "isoAlpha3": "PRY",
    "isoNumeric": "600",
    "continent": {
      "name": "South America",
      "code": "SA"
    },
    "flag": "py.png"
  },
  {
    "name": "Peru",
    "wikipediaLink": "Peru",
    "isoAlpha2": "PE",
    "isoAlpha3": "PER",
    "isoNumeric": "604",
    "continent": {
      "name": "South America",
      "code": "SA"
    },
    "flag": "pe.png"
  },
  {
    "name": "Philippines",
    "wikipediaLink": "Philippines",
    "isoAlpha2": "PH",
    "isoAlpha3": "PHL",
    "isoNumeric": "608",
    "continent": {
      "name": "Asia",
      "code": "AS"
    },
    "flag": "ph.png"
  },
  {
    "name": "Pitcairn",
    "wikipediaLink": "Pitcairn",
    "frName": "Îles Pitcairn",
    "isoAlpha2": "PN",
    "isoAlpha3": "PCN",
    "isoNumeric": "612",
    "continent": {
      "name": "Australia",
      "code": "OC"
    },
    "flag": "pn.png"
  },
  {
    "name": "Poland",
    "wikipediaLink": "Poland",
    "isoAlpha2": "PL",
    "isoAlpha3": "POL",
    "isoNumeric": "616",
    "continent": {
      "name": "Europe",
      "code": "EU"
    },
    "flag": "pl.png"
  },
  {
    "name": "Portugal",
    "wikipediaLink": "Portugal",
    "isoAlpha2": "PT",
    "isoAlpha3": "PRT",
    "isoNumeric": "620",
    "continent": {
      "name": "Europe",
      "code": "EU"
    },
    "flag": "pt.png"
  },
  {
    "name": "Puerto Rico",
    "wikipediaLink": "Puerto Rico",
    "frName": "Porto Rico",
    "isoAlpha2": "PR",
    "isoAlpha3": "PRI",
    "isoNumeric": "630",
    "continent": {
      "name": "North America",
      "code": "NA"
    },
    "flag": "pr.png"
  },
  {
    "name": "Qatar",
    "wikipediaLink": "Qatar",
    "isoAlpha2": "QA",
    "isoAlpha3": "QAT",
    "isoNumeric": "634",
    "continent": {
      "name": "Asia",
      "code": "AS"
    },
    "flag": "qa.png"
  },
  {
    "name": "Réunion",
    "wikipediaLink": "Réunion",
    "frName": "Réunion",
    "isoAlpha2": "RE",
    "isoAlpha3": "REU",
    "isoNumeric": "638",
    "continent": {
      "name": "Africa",
      "code": "AF"
    },
    "flag": "re.png"
  },
  {
    "name": "Romania",
    "wikipediaLink": "Romania",
    "isoAlpha2": "RO",
    "isoAlpha3": "ROU",
    "isoNumeric": "642",
    "continent": {
      "name": "Europe",
      "code": "EU"
    },
    "flag": "ro.png"
  },
  {
    "name": "Russian Federation",
    "wikipediaLink": "Russian Federation",
    "isoAlpha2": "RU",
    "isoAlpha3": "RUS",
    "isoNumeric": "643",
    "continent": {
      "name": "Europe",
      "code": "EU"
    },
    "flag": "ru.png"
  },
  {
    "name": "Rwanda",
    "wikipediaLink": "Rwanda",
    "isoAlpha2": "RW",
    "isoAlpha3": "RWA",
    "isoNumeric": "646",
    "continent": {
      "name": "Africa",
      "code": "AF"
    },
    "flag": "rw.png"
  },
  {
    "name": "Saint Barthélemy",
    "wikipediaLink": "Saint Barthélemy",
    "frName": "Saint-Barthélemy (Antilles françaises)",
    "isoAlpha2": "BL",
    "isoAlpha3": "BLM",
    "isoNumeric": "652",
    "continent": {
      "name": "North America",
      "code": "NA"
    },
    "flag": "bl.png"
  },
  {
    "name": "Saint Helena, Ascension and Tristan da Cunha",
    "wikipediaLink": "Saint Helena, Ascension and Tristan da Cunha",
    "frName": "Sainte-Hélène, Ascension et Tristan da Cunha",
    "isoAlpha2": "SH",
    "isoAlpha3": "SHN",
    "isoNumeric": "654",
    "continent": {
      "name": "Africa",
      "code": "AF"
    },
    "flag": "sh.png"
  },
  {
    "name": "Saint Kitts and Nevis",
    "wikipediaLink": "Saint Kitts and Nevis",
    "frName": "Saint-Christophe-et-Niévès",
    "isoAlpha2": "KN",
    "isoAlpha3": "KNA",
    "isoNumeric": "659",
    "continent": {
      "name": "North America",
      "code": "NA"
    },
    "flag": "kn.png"
  },
  {
    "name": "Saint Lucia",
    "wikipediaLink": "Saint Lucia",
    "frName": "Sainte-Lucie",
    "isoAlpha2": "LC",
    "isoAlpha3": "LCA",
    "isoNumeric": "662",
    "continent": {
      "name": "North America",
      "code": "NA"
    },
    "flag": "lc.png"
  },
  {
    "name": "Saint Martin (French part)",
    "wikipediaLink": "Saint Martin (French part)",
    "frName": "Saint-Martin (Antilles françaises)",
    "isoAlpha2": "MF",
    "isoAlpha3": "MAF",
    "isoNumeric": "663",
    "continent": {
      "name": "North America",
      "code": "NA"
    },
    "flag": "mf.png"
  },
  {
    "name": "Saint Pierre and Miquelon",
    "wikipediaLink": "Saint Pierre and Miquelon",
    "frName": "Saint-Pierre-et-Miquelon",
    "isoAlpha2": "PM",
    "isoAlpha3": "SPM",
    "isoNumeric": "666",
    "continent": {
      "name": "North America",
      "code": "NA"
    },
    "flag": "pm.png"
  },
  {
    "name": "Saint Vincent and the Grenadines",
    "wikipediaLink": "Saint Vincent and the Grenadines",
    "frName": "Saint-Vincent-et-les-Grenadines",
    "isoAlpha2": "VC",
    "isoAlpha3": "VCT",
    "isoNumeric": "670",
    "continent": {
      "name": "North America",
      "code": "NA"
    },
    "flag": "vc.png"
  },
  {
    "name": "Samoa",
    "wikipediaLink": "Samoa",
    "isoAlpha2": "WS",
    "isoAlpha3": "WSM",
    "isoNumeric": "882",
    "continent": {
      "name": "Australia",
      "code": "OC"
    },
    "flag": "ws.png"
  },
  {
    "name": "San Marino",
    "wikipediaLink": "San Marino",
    "isoAlpha2": "SM",
    "isoAlpha3": "SMR",
    "isoNumeric": "674",
    "continent": {
      "name": "Europe",
      "code": "EU"
    },
    "flag": "sm.png"
  },
  {
    "name": "Sao Tome and Principe",
    "wikipediaLink": "Sao Tome and Principe",
    "isoAlpha2": "ST",
    "isoAlpha3": "STP",
    "isoNumeric": "678",
    "continent": {
      "name": "Africa",
      "code": "AF"
    },
    "flag": "st.png"
  },
  {
    "name": "Saudi Arabia",
    "wikipediaLink": "Saudi Arabia",
    "isoAlpha2": "SA",
    "isoAlpha3": "SAU",
    "isoNumeric": "682",
    "continent": {
      "name": "Asia",
      "code": "AS"
    },
    "flag": "sa.png"
  },
  {
    "name": "Senegal",
    "wikipediaLink": "Senegal",
    "isoAlpha2": "SN",
    "isoAlpha3": "SEN",
    "isoNumeric": "686",
    "continent": {
      "name": "Africa",
      "code": "AF"
    },
    "flag": "sn.png"
  },
  {
    "name": "Serbia",
    "wikipediaLink": "Serbia",
    "isoAlpha2": "RS",
    "isoAlpha3": "SRB",
    "isoNumeric": "688",
    "continent": {
      "name": "Europe",
      "code": "EU"
    },
    "flag": "rs.png"
  },
  {
    "name": "Seychelles",
    "wikipediaLink": "Seychelles",
    "isoAlpha2": "SC",
    "isoAlpha3": "SYC",
    "isoNumeric": "690",
    "continent": {
      "name": "Africa",
      "code": "AF"
    },
    "flag": "sc.png"
  },
  {
    "name": "Sierra Leone",
    "wikipediaLink": "Sierra Leone",
    "isoAlpha2": "SL",
    "isoAlpha3": "SLE",
    "isoNumeric": "694",
    "continent": {
      "name": "Africa",
      "code": "AF"
    },
    "flag": "sl.png"
  },
  {
    "name": "Singapore",
    "wikipediaLink": "Singapore",
    "isoAlpha2": "SG",
    "isoAlpha3": "SGP",
    "isoNumeric": "702",
    "continent": {
      "name": "Asia",
      "code": "AS"
    },
    "flag": "sg.png"
  },
  {
    "name": "Sint Maarten (Dutch part)",
    "wikipediaLink": "Sint Maarten (Dutch part)",
    "frName": "Saint-Martin (royaume des Pays-Bas)",
    "isoAlpha2": "SX",
    "isoAlpha3": "SXM",
    "isoNumeric": "534",
    "continent": {
      "name": "North America",
      "code": "NA"
    },
    "flag": "sx.png"
  },
  {
    "name": "Slovakia",
    "wikipediaLink": "Slovakia",
    "isoAlpha2": "SK",
    "isoAlpha3": "SVK",
    "isoNumeric": "703",
    "continent": {
      "name": "Europe",
      "code": "EU"
    },
    "flag": "sk.png"
  },
  {
    "name": "Slovenia",
    "wikipediaLink": "Slovenia",
    "isoAlpha2": "SI",
    "isoAlpha3": "SVN",
    "isoNumeric": "705",
    "continent": {
      "name": "Europe",
      "code": "EU"
    },
    "flag": "si.png"
  },
  {
    "name": "Solomon Islands",
    "wikipediaLink": "Solomon Islands",
    "isoAlpha2": "SB",
    "isoAlpha3": "SLB",
    "isoNumeric": "090",
    "continent": {
      "name": "Australia",
      "code": "OC"
    },
    "flag": "sb.png"
  },
  {
    "name": "Somalia",
    "wikipediaLink": "Somalia",
    "isoAlpha2": "SO",
    "isoAlpha3": "SOM",
    "isoNumeric": "706",
    "continent": {
      "name": "Africa",
      "code": "AF"
    },
    "flag": "so.png"
  },
  {
    "name": "South Africa",
    "wikipediaLink": "South Africa",
    "isoAlpha2": "ZA",
    "isoAlpha3": "ZAF",
    "isoNumeric": "710",
    "continent": {
      "name": "Africa",
      "code": "AF"
    },
    "flag": "za.png"
  },
  {
    "name": "South Georgia and the South Sandwich Islands",
    "wikipediaLink": "South Georgia and the South Sandwich Islands",
    "frName": "Géorgie du Sud-et-les îles Sandwich du Sud",
    "isoAlpha2": "GS",
    "isoAlpha3": "SGS",
    "isoNumeric": "239",
    "continent": {
      "name": "Antarctica",
      "code": "AN"
    },
    "flag": "gs.png"
  },
  {
    "name": "South Sudan",
    "wikipediaLink": "South Sudan",
    "isoAlpha2": "SS",
    "isoAlpha3": "SSD",
    "isoNumeric": "728",
    "continent": {
      "name": "Africa",
      "code": "AF"
    },
    "flag": "ss.png"
  },
  {
    "name": "Spain",
    "wikipediaLink": "Spain",
    "isoAlpha2": "ES",
    "isoAlpha3": "ESP",
    "isoNumeric": "724",
    "continent": {
      "name": "Europe",
      "code": "EU"
    },
    "flag": "es.png"
  },
  {
    "name": "Sri Lanka",
    "wikipediaLink": "Sri Lanka",
    "isoAlpha2": "LK",
    "isoAlpha3": "LKA",
    "isoNumeric": "144",
    "continent": {
      "name": "Asia",
      "code": "AS"
    },
    "flag": "lk.png"
  },
  {
    "name": "Sudan",
    "wikipediaLink": "Sudan",
    "isoAlpha2": "SD",
    "isoAlpha3": "SDN",
    "isoNumeric": "729",
    "continent": {
      "name": "Africa",
      "code": "AF"
    },
    "flag": "sd.png"
  },
  {
    "name": "Suriname",
    "wikipediaLink": "Suriname",
    "isoAlpha2": "SR",
    "isoAlpha3": "SUR",
    "isoNumeric": "740",
    "continent": {
      "name": "South America",
      "code": "SA"
    },
    "flag": "sr.png"
  },
  {
    "name": "Svalbard and Jan Mayen",
    "wikipediaLink": "Svalbard_and_Jan_Mayen",
    "frName": "Svalbard et Jan Mayen",
    "isoAlpha2": "SJ",
    "isoAlpha3": "SJM",
    "isoNumeric": "744",
    "continent": {
      "name": "Europe",
      "code": "EU"
    },
    "flag": "sj.png"
  },
  {
    "name": "Swaziland",
    "wikipediaLink": "Swaziland",
    "isoAlpha2": "SZ",
    "isoAlpha3": "SWZ",
    "isoNumeric": "748",
    "continent": {
      "name": "Africa",
      "code": "AF"
    },
    "flag": "sz.png"
  },
  {
    "name": "Sweden",
    "wikipediaLink": "Sweden",
    "isoAlpha2": "SE",
    "isoAlpha3": "SWE",
    "isoNumeric": "752",
    "continent": {
      "name": "Europe",
      "code": "EU"
    },
    "flag": "se.png"
  },
  {
    "name": "Switzerland",
    "wikipediaLink": "Switzerland",
    "isoAlpha2": "CH",
    "isoAlpha3": "CHE",
    "isoNumeric": "756",
    "continent": {
      "name": "Europe",
      "code": "EU"
    },
    "flag": "ch.png"
  },
  {
    "name": "Syrian Arab Republic",
    "wikipediaLink": "Syrian Arab Republic",
    "isoAlpha2": "SY",
    "isoAlpha3": "SYR",
    "isoNumeric": "760",
    "continent": {
      "name": "Asia",
      "code": "AS"
    },
    "flag": "sy.png"
  },
  {
    "name": "Taiwan, Province of China",
    "wikipediaLink": "Taiwan, Province of China",
    "isoAlpha2": "TW",
    "isoAlpha3": "TWN",
    "isoNumeric": "158",
    "continent": {
      "name": "Asia",
      "code": "AS"
    },
    "flag": "tw.png"
  },
  {
    "name": "Tajikistan",
    "wikipediaLink": "Tajikistan",
    "isoAlpha2": "TJ",
    "isoAlpha3": "TJK",
    "isoNumeric": "762",
    "continent": {
      "name": "Asia",
      "code": "AS"
    },
    "flag": "tj.png"
  },
  {
    "name": "Tanzania, United Republic of",
    "wikipediaLink": "Tanzania, United Republic of",
    "isoAlpha2": "TZ",
    "isoAlpha3": "TZA",
    "isoNumeric": "834",
    "continent": {
      "name": "Africa",
      "code": "AF"
    },
    "flag": "tz.png"
  },
  {
    "name": "Thailand",
    "wikipediaLink": "Thailand",
    "isoAlpha2": "TH",
    "isoAlpha3": "THA",
    "isoNumeric": "764",
    "continent": {
      "name": "Asia",
      "code": "AS"
    },
    "flag": "th.png"
  },
  {
    "name": "Timor-Leste",
    "wikipediaLink": "Timor-Leste",
    "frName": "Timor oriental",
    "isoAlpha2": "TL",
    "isoAlpha3": "TLS",
    "isoNumeric": "626",
    "continent": {
      "name": "Australia",
      "code": "OC"
    },
    "flag": "tl.png"
  },
  {
    "name": "Togo",
    "wikipediaLink": "Togo",
    "isoAlpha2": "TG",
    "isoAlpha3": "TGO",
    "isoNumeric": "768",
    "continent": {
      "name": "Africa",
      "code": "AF"
    },
    "flag": "tg.png"
  },
  {
    "name": "Tokelau",
    "wikipediaLink": "Tokelau",
    "frName": "Tokelau",
    "isoAlpha2": "TK",
    "isoAlpha3": "TKL",
    "isoNumeric": "772",
    "continent": {
      "name": "Australia",
      "code": "OC"
    },
    "flag": "tk.png"
  },
  {
    "name": "Tonga",
    "wikipediaLink": "Tonga",
    "isoAlpha2": "TO",
    "isoAlpha3": "TON",
    "isoNumeric": "776",
    "continent": {
      "name": "Australia",
      "code": "OC"
    },
    "flag": "to.png"
  },
  {
    "name": "Trinidad and Tobago",
    "wikipediaLink": "Trinidad and Tobago",
    "frName": "Trinité-et-Tobago",
    "isoAlpha2": "TT",
    "isoAlpha3": "TTO",
    "isoNumeric": "780",
    "continent": {
      "name": "South America",
      "code": "SA"
    },
    "flag": "tt.png"
  },
  {
    "name": "Tunisia",
    "wikipediaLink": "Tunisia",
    "isoAlpha2": "TN",
    "isoAlpha3": "TUN",
    "isoNumeric": "788",
    "continent": {
      "name": "Africa",
      "code": "AF"
    },
    "flag": "tn.png"
  },
  {
    "name": "Turkey",
    "wikipediaLink": "Turkey",
    "isoAlpha2": "TR",
    "isoAlpha3": "TUR",
    "isoNumeric": "792",
    "continent": {
      "name": "Asia",
      "code": "AS"
    },
    "flag": "tr.png"
  },
  {
    "name": "Turkmenistan",
    "wikipediaLink": "Turkmenistan",
    "isoAlpha2": "TM",
    "isoAlpha3": "TKM",
    "isoNumeric": "795",
    "continent": {
      "name": "Asia",
      "code": "AS"
    },
    "flag": "tm.png"
  },
  {
    "name": "Turks and Caicos Islands",
    "wikipediaLink": "Turks and Caicos Islands",
    "frName": "Îles Turques-et-Caïques",
    "isoAlpha2": "TC",
    "isoAlpha3": "TCA",
    "isoNumeric": "796",
    "continent": {
      "name": "North America",
      "code": "NA"
    },
    "flag": "tc.png"
  },
  {
    "name": "Tuvalu",
    "wikipediaLink": "Tuvalu",
    "isoAlpha2": "TV",
    "isoAlpha3": "TUV",
    "isoNumeric": "798",
    "continent": {
      "name": "Australia",
      "code": "OC"
    },
    "flag": "tv.png"
  },
  {
    "name": "Uganda",
    "wikipediaLink": "Uganda",
    "isoAlpha2": "UG",
    "isoAlpha3": "UGA",
    "isoNumeric": "800",
    "continent": {
      "name": "Africa",
      "code": "AF"
    },
    "flag": "ug.png"
  },
  {
    "name": "Ukraine",
    "wikipediaLink": "Ukraine",
    "isoAlpha2": "UA",
    "isoAlpha3": "UKR",
    "isoNumeric": "804",
    "continent": {
      "name": "Europe",
      "code": "EU"
    },
    "flag": "ua.png"
  },
  {
    "name": "United Arab Emirates",
    "wikipediaLink": "United Arab Emirates",
    "isoAlpha2": "AE",
    "isoAlpha3": "ARE",
    "isoNumeric": "784",
    "continent": {
      "name": "Asia",
      "code": "AS"
    },
    "flag": "ae.png"
  },
  {
    "name": "United Kingdom of Great Britain",
    "wikipediaLink": "United Kingdom of Great Britain",
    "isoAlpha2": "GB",
    "isoAlpha3": "GBR",
    "isoNumeric": "826",
    "continent": {
      "name": "Europe",
      "code": "EU"
    },
    "flag": "gb.png"
  },
  {
    "name": "United States",
    "wikipediaLink": "United_States",
    "isoAlpha2": "US",
    "isoAlpha3": "USA",
    "isoNumeric": "840",
    "continent": {
      "name": "North America",
      "code": "NA"
    },
    "flag": "us.png"
  },
  {
    "name": "United States Minor Outlying Islands",
    "wikipediaLink": "United States Minor Outlying Islands",
    "frName": "Îles mineures éloignées des États-Unis",
    "isoAlpha2": "UM",
    "isoAlpha3": "UMI",
    "isoNumeric": "581",
    "continent": {
      "name": "North America",
      "code": "NA"
    },
    "flag": "um.png"
  },
  {
    "name": "Uruguay",
    "wikipediaLink": "Uruguay",
    "isoAlpha2": "UY",
    "isoAlpha3": "URY",
    "isoNumeric": "858",
    "continent": {
      "name": "South America",
      "code": "SA"
    },
    "flag": "uy.png"
  },
  {
    "name": "Uzbekistan",
    "wikipediaLink": "Uzbekistan",
    "isoAlpha2": "UZ",
    "isoAlpha3": "UZB",
    "isoNumeric": "860",
    "continent": {
      "name": "Asia",
      "code": "AS"
    },
    "flag": "uz.png"
  },
  {
    "name": "Vanuatu",
    "wikipediaLink": "Vanuatu",
    "isoAlpha2": "VU",
    "isoAlpha3": "VUT",
    "isoNumeric": "548",
    "continent": {
      "name": "Australia",
      "code": "OC"
    },
    "flag": "vu.png"
  },
  {
    "name": "Venezuela (Bolivarian Republic of)",
    "wikipediaLink": "Venezuela (Bolivarian Republic of)",
    "isoAlpha2": "VE",
    "isoAlpha3": "VEN",
    "isoNumeric": "862",
    "continent": {
      "name": "South America",
      "code": "SA"
    },
    "flag": "ve.png"
  },
  {
    "name": "Viet Nam",
    "wikipediaLink": "Viet Nam",
    "isoAlpha2": "VN",
    "isoAlpha3": "VNM",
    "isoNumeric": "704",
    "continent": {
      "name": "Asia",
      "code": "AS"
    },
    "flag": "vn.png"
  },
  {
    "name": "Virgin Islands (British)",
    "wikipediaLink": "British_Virgin_Islands",
    "frName": "Îles Vierges britanniques",
    "isoAlpha2": "VG",
    "isoAlpha3": "VGB",
    "isoNumeric": "092",
    "continent": {
      "name": "North America",
      "code": "NA"
    },
    "flag": "vg.png"
  },
  {
    "name": "Virgin Islands (U.S.)",
    "wikipediaLink": "Virgin Islands (U.S.)",
    "frName": "Îles Vierges des États-Unis",
    "isoAlpha2": "VI",
    "isoAlpha3": "VIR",
    "isoNumeric": "850",
    "continent": {
      "name": "North America",
      "code": "NA"
    },
    "flag": "vi.png"
  },
  {
    "name": "Wallis and Futuna",
    "wikipediaLink": "Wallis and Futuna",
    "frName": "Wallis-et-Futuna",
    "isoAlpha2": "WF",
    "isoAlpha3": "WLF",
    "isoNumeric": "876",
    "continent": {
      "name": "Australia",
      "code": "OC"
    },
    "flag": "wf.png"
  },
  {
    "name": "Western Sahara",
    "wikipediaLink": "Western Sahara",
    "frName": "Sahara occidental",
    "isoAlpha2": "EH",
    "isoAlpha3": "ESH",
    "isoNumeric": "732",
    "continent": {
      "name": "Africa",
      "code": "AF"
    },
    "flag": "eh.png"
  },
  {
    "name": "Yemen",
    "wikipediaLink": "Yemen",
    "isoAlpha2": "YE",
    "isoAlpha3": "YEM",
    "isoNumeric": "887",
    "continent": {
      "name": "Asia",
      "code": "AS"
    },
    "flag": "ye.png"
  },
  {
    "name": "Zambia",
    "wikipediaLink": "Zambia",
    "isoAlpha2": "ZM",
    "isoAlpha3": "ZMB",
    "isoNumeric": "894",
    "continent": {
      "name": "Africa",
      "code": "AF"
    },
    "flag": "zm.png"
  },
  {
    "name": "Zimbabwe",
    "wikipediaLink": "Zimbabwe",
    "isoAlpha2": "ZW",
    "isoAlpha3": "ZWE",
    "isoNumeric": "716",
    "continent": {
      "name": "Africa",
      "code": "AF"
    },
    "flag": "zw.png"
  }
]